ID	Name	Train	Test
GWAS:13	Height_GIANT_2014	10018, 100507436, 10062, 10096, 10109, 10121, 10142, 1019, 1021, 10236, 10238, 1027, 1031, 10393, 10395, 1041, 10454, 10460, 10516, 10544, 10576, 10599, 10642, 10643, 10658, 10725, 10747, 10818, 109, 10919, 10935, 10951, 10956, 10972, 11035, 11060, 1107, 11124, 11127, 11214, 1154, 1192, 121340, 121504, 1241, 1291, 1292, 1293, 1300, 1301, 1314, 1387, 1431, 1432, 1434, 1437, 1460, 1488, 1499, 1500, 151306, 1523, 1535, 1586, 1588, 1593, 1594, 1601, 164, 1643, 1645, 1656, 1758, 1759, 176, 1760, 177, 1786, 1788, 1869, 187, 1879, 1889, 189, 1902, 1910, 1938, 196528, 1981, 199, 2037, 2047, 2066, 2070, 2078, 2099, 21, 2100, 2115, 2120, 2122, 214, 2200, 2201, 2202, 221895, 2241, 2246, 2247, 2264, 22800, 22820, 2289, 22930, 22954, 22974, 22978, 23028, 23035, 23047, 23054, 2309, 2313, 23152, 23165, 2317, 23224, 23279, 23291, 23347, 23365, 23400, 23410, 23429, 2346, 23512, 2355, 23564, 23576, 23607, 23788, 2475, 2549, 2550, 25803, 25836, 259197, 25932, 25939, 25942, 26003, 26052, 26053, 26058, 26354, 2646, 2672, 2690, 2693, 2695, 27086, 27332, 2736, 27436, 2744, 2768, 2778, 2796, 2869, 288, 2885, 2887, 28964, 28987, 29102, 2931, 2959, 29896, 3001, 3006, 3008, 3024, 3069, 3077, 30816, 3106, 3107, 3112, 3117, 3118, 3119, 3120, 3122, 3123, 3134, 3151, 3159, 3184, 3189, 3190, 324, 3291, 3292, 3305, 3371, 3373, 3376, 3384, 3400, 344, 3479, 3481, 3487, 3549, 3579, 3609, 3643, 3659, 3692, 3708, 3710, 3757, 378, 3784, 3837, 3839, 3842, 387893, 389, 389421, 3895, 3915, 3918, 3929, 3931, 3987, 4016, 4017, 402, 4040, 4041, 4049, 4052, 4053, 406, 4067, 4088, 4091, 4140, 4149, 4175, 4214, 4215, 4240, 4277, 4299, 43, 4331, 4343, 4437, 4607, 4646, 4650, 4678, 4691, 4722, 4735, 4738, 4758, 4763, 4772, 4776, 4779, 478, 4782, 4790, 4831, 4836, 4846, 4855, 4856, 4880, 4882, 4883, 4913, 4920, 4925, 4988, 5052, 5069, 50807, 5091, 5093, 5096, 51079, 5111, 5122, 5125, 5139, 5144, 51514, 51561, 51602, 51639, 5168, 51684, 51720, 51741, 5179, 5187, 5189, 5243, 5244, 5270, 5286, 5295, 5298, 5305, 5307, 5310, 5315, 5324, 5333, 53345, 5339, 5371, 5393, 5394, 54106, 5428, 54407, 5443, 5460, 5467, 547, 54790, 54815, 54829, 54927, 5493, 5495, 5496, 55107, 5514, 55193, 55215, 55288, 55328, 5534, 55553, 5578, 5583, 5586, 5590, 5592, 55937, 5603, 5605, 5608, 56244, 56339, 56616, 5682, 56946, 5699, 5702, 5705, 5710, 57120, 57142, 57178, 5719, 5727, 57412, 57534, 5754, 5770, 57704, 5782, 5784, 5795, 5890, 5894, 593, 5933, 5978, 598, 5981, 5987, 599, 604, 6059, 6095, 6125, 6175, 6185, 6195, 6204, 6207, 6224, 6239, 6249, 6256, 629, 6329, 63892, 6390, 63976, 6414, 64151, 6416, 64170, 64223, 6424, 64326, 6434, 64399, 64478, 6462, 6491, 6497, 6499, 6502, 6519, 654, 6541, 6548, 6556, 6558, 657, 6581, 6583, 6584, 6615, 6640, 6647, 6660, 6670, 6687, 6688, 6711, 6745, 6760, 6772, 6773, 6780, 6868, 6909, 6996, 7003, 7036, 7038, 7042, 705, 7068, 7074, 7077, 7090, 7124, 7148, 7153, 7157, 717, 7220, 7222, 7227, 7249, 7272, 7283, 7327, 7332, 7341, 735, 7407, 7473, 7474, 7515, 7517, 7529, 7726, 7874, 7916, 7917, 7919, 7936, 7957, 79661, 79727, 79840, 800, 8019, 80232, 80312, 8091, 8106, 813, 81631, 8200, 823, 829, 8291, 8313, 832, 8351, 8356, 8364, 8365, 8394, 8398, 8417, 84444, 84557, 84676, 8503, 8546, 8567, 860, 8644, 8648, 8650, 8671, 871, 87178, 8741, 8742, 8743, 8826, 8835, 8878, 8881, 890, 8939, 894, 896, 8971, 9092, 9101, 9114, 91754, 9212, 9231, 9349, 9351, 9415, 9451, 9470, 9520, 9557, 9575, 9577, 9584, 9601, 9612, 9631, 9730, 9734, 974, 9757, 978, 9780, 9798, 9826, 9839, 9879, 9919, 9972, 10102, 10105, 10106, 10137, 10171, 10198, 10200, 10206, 10217, 10218, 10256, 10266, 10274, 10327, 10352, 10402, 10428, 10435, 10475, 10494, 10554, 10564, 10590, 10602, 10636, 10665, 10806, 10807, 10817, 10825, 10846, 10863, 10864, 10869, 10885, 10959, 11030, 11074, 11146, 11155, 11162, 11165, 11190, 11240, 11261, 11267, 113026, 113130, 11325, 113263, 11339, 11344, 1140, 114327, 114799, 115, 115426, 115557, 115677, 116143, 116986, 117854, 118980, 1208, 1209, 123228, 124790, 128869, 1295, 129563, 1298, 129831, 1303, 130497, 1306, 131566, 135112, 1369, 1388, 140823, 143471, 144455, 1456, 1463, 146909, 1474, 147912, 148113, 152137, 153241, 157313, 161176, 161424, 1632, 165324, 166378, 169714, 170679, 170954, 1762, 1763, 1795, 1797, 1798, 1877, 1949, 1952, 1967, 196883, 1998, 199990, 200879, 201626, 2036, 2077, 2145, 2178, 219931, 220202, 221035, 221496, 2218, 222194, 2281, 22856, 22877, 22927, 22934, 22998, 23002, 2301, 23042, 23094, 23129, 23139, 23143, 23166, 23168, 23172, 23187, 23190, 23203, 23242, 23245, 23268, 23272, 23284, 23294, 23299, 2330, 23328, 23338, 23360, 23371, 23383, 23389, 2342, 23431, 23433, 23457, 23466, 23478, 23492, 23493, 23609, 23649, 23704, 24149, 2444, 248, 253461, 253559, 253980, 254225, 254251, 255488, 257218, 25797, 2583, 25847, 25894, 25921, 25953, 25974, 25980, 25988, 26, 26036, 26054, 26086, 26118, 26133, 26137, 26160, 26259, 2631, 2686, 27030, 27033, 27068, 27141, 27148, 27175, 2762, 2826, 283373, 283489, 285527, 285848, 28972, 28977, 2901, 2907, 29097, 2914, 2976, 29777, 29855, 29907, 2994, 29940, 29984, 29993, 3010, 3017, 30812, 3083, 3097, 3171, 317772, 319, 3213, 3352, 3382, 346, 353497, 3633, 3642, 3696, 3697, 3699, 3700, 3706, 3768, 3772, 387103, 4004, 403, 4058, 4065, 4123, 4148, 4234, 4237, 4248, 4295, 4342, 440574, 4439, 4520, 4634, 4640, 4649, 4664, 4665, 4702, 4795, 4828, 4829, 483, 4850, 4901, 4969, 4990, 5017, 5050, 50511, 50619, 50650, 5089, 50940, 51019, 51103, 51106, 51128, 51203, 51230, 51232, 51274, 51290, 51317, 51319, 5136, 51368, 51373, 5140, 51412, 51435, 51460, 5147, 5151, 51523, 51533, 51534, 51571, 516, 51614, 51654, 51715, 51727, 51729, 51742, 51754, 5208, 53, 5334, 534, 535, 5357, 53919, 5396, 54471, 5452, 54535, 54700, 54726, 54793, 54796, 54805, 54808, 54828, 54843, 54939, 54940, 55035, 55090, 55100, 55125, 55163, 55167, 55206, 55212, 5523, 55245, 55272, 55275, 55332, 55486, 55603, 55661, 55689, 55723, 55766, 55803, 55813, 55830, 55858, 55902, 5593, 56267, 56623, 56658, 56915, 56941, 56997, 57003, 57018, 57096, 57130, 57153, 57176, 57188, 57211, 57213, 57216, 57405, 57466, 57511, 57539, 57592, 57594, 57602, 57623, 57644, 57695, 57708, 57728, 57794, 57798, 5780, 5793, 5798, 58190, 58476, 58497, 58499, 5900, 5913, 5924, 59269, 59338, 594, 5977, 5993, 6002, 6017, 60312, 6048, 605, 611, 6150, 617, 6227, 6296, 63940, 64081, 64093, 64114, 64116, 64137, 64220, 64282, 64320, 64400, 6457, 64708, 64764, 64771, 64778, 64780, 64943, 65082, 65095, 65110, 65250, 65264, 65268, 654364, 6560, 6568, 6579, 6586, 6603, 6604, 6610, 6621, 6631, 666, 6787, 6941, 6944, 6945, 696, 7005, 7111, 7287, 7373, 7429, 744, 7482, 7798, 7813, 7837, 7867, 7884, 78987, 79172, 7918, 7920, 79370, 7940, 79670, 79671, 79791, 79871, 79877, 79885, 79901, 79991, 80005, 80010, 80152, 80174, 80254, 80273, 80274, 80304, 80347, 80736, 80790, 8099, 81539, 81603, 81611, 81689, 819, 81929, 8224, 8334, 8347, 83483, 83658, 83716, 84059, 84083, 84085, 84219, 84273, 84298, 84300, 84333, 84440, 84445, 84545, 8462, 8464, 84656, 84665, 8479, 84812, 84818, 84875, 8506, 85236, 8526, 85366, 85456, 85464, 85477, 8555, 8572, 8631, 8722, 8738, 8763, 8780, 8817, 8859, 8904, 8970, 8974, 89845, 89870, 899, 9051, 9054, 90627, 9125, 9139, 9145, 91574, 9158, 9169, 91768, 91869, 92335, 9254, 9267, 92949, 9315, 9321, 93343, 9344, 93624, 9374, 9409, 9419, 9477, 9496, 9508, 9509, 9540, 955, 9563, 9581, 9586, 9640, 9644, 9648, 9655, 9686, 9696, 9735, 9760, 9841, 9855, 9874, 9896, 9900, 9924, 9926, 9945	100126572, 100127206, 100129480, 100129792, 100132463, 100381270, 10050, 100506581, 100507650, 100507679, 100526664, 100526772, 100528064, 100529239, 100529261, 100653515, 10090, 10099, 10107, 10143, 10246, 10316, 10385, 10443, 10473, 10608, 10677, 10786, 107987373, 10893, 10903, 11046, 11057, 11120, 11174, 11181, 112479, 11264, 112849, 113177, 11328, 114659, 114818, 114821, 114991, 115708, 116115, 116236, 116285, 116369, 116461, 116841, 117166, 117283, 119749, 120071, 120534, 121665, 123803, 123879, 124093, 124446, 124491, 124637, 124808, 124872, 124930, 124989, 126298, 126637, 127687, 128153, 128876, 130502, 131408, 132160, 132954, 133383, 135644, 135656, 140711, 140873, 140894, 143570, 144108, 144347, 1444, 145741, 145814, 145864, 146206, 146212, 146279, 146330, 147923, 148979, 149175, 149420, 149483, 149499, 150223, 151295, 1521, 152485, 152877, 153020, 153129, 153222, 155185, 158399, 161514, 162282, 162427, 162989, 163255, 166968, 166979, 167127, 167555, 169841, 170680, 170691, 170850, 171019, 171586, 1775, 1842, 192668, 1954, 1955, 195814, 195828, 196385, 196996, 197335, 199704, 200172, 200523, 200634, 201243, 201501, 201625, 201627, 202658, 203069, 2134, 219447, 219464, 219477, 219487, 219654, 220107, 220359, 220388, 220963, 221264, 221294, 221393, 221481, 221491, 221527, 222611, 222663, 22834, 22835, 22901, 22955, 22979, 23034, 2306, 23080, 23127, 23132, 23142, 23169, 23174, 23179, 23518, 23585, 253982, 254050, 255101, 255631, 256130, 257202, 257415, 25837, 25862, 25884, 25895, 25943, 25948, 26206, 26266, 26289, 26531, 26579, 26692, 26707, 26751, 27013, 27106, 27145, 27146, 27151, 27154, 27201, 282775, 282890, 283358, 283375, 283518, 283870, 283871, 284071, 284076, 284338, 284339, 284422, 285016, 285051, 285180, 285331, 285755, 285761, 286128, 2880, 29098, 29113, 29800, 29893, 29916, 30832, 317761, 326340, 333926, 338811, 339210, 339500, 339501, 339855, 340204, 342371, 344892, 344901, 345062, 345456, 345462, 346288, 347732, 348180, 349075, 353189, 3652, 3671, 373509, 374655, 374887, 374900, 374907, 375189, 375190, 375307, 375346, 375686, 378807, 387032, 387707, 387778, 388121, 388553, 388649, 388650, 388931, 389084, 389125, 389376, 389383, 390148, 390154, 390162, 390167, 390259, 390940, 399512, 399671, 400954, 400961, 401250, 401262, 401541, 403253, 404037, 407977, 4185, 440087, 440335, 440957, 441168, 442184, 442186, 442191, 494115, 4958, 4974, 49861, 50853, 51075, 51088, 51149, 51161, 51226, 51249, 51276, 51277, 51282, 51291, 51292, 51310, 51312, 51409, 51439, 51528, 51550, 51643, 51673, 5279, 53833, 54360, 54454, 54619, 54754, 54785, 54799, 54800, 54810, 54834, 54838, 54876, 54879, 54887, 54993, 55010, 55089, 55101, 55105, 55130, 55137, 55188, 55282, 55289, 55297, 55322, 55352, 55565, 55582, 55623, 55680, 55711, 55719, 55728, 55741, 55778, 55793, 55852, 56169, 56920, 56965, 56990, 56995, 57149, 57157, 57169, 57210, 57524, 57538, 57605, 57659, 57699, 57715, 57799, 57827, 58496, 5922, 60313, 60677, 6302, 63941, 64077, 641649, 64168, 643664, 643677, 64410, 64428, 644994, 64582, 646262, 646658, 646960, 647087, 64768, 64788, 64838, 65012, 65094, 653583, 65990, 6676, 6913, 692094, 6954, 723961, 727957, 728489, 728763, 7566, 7568, 7629, 7701, 7718, 7746, 7755, 7760, 7802, 79006, 79137, 79170, 79346, 79411, 79441, 79567, 79641, 79642, 79674, 79692, 79696, 79770, 79777, 79817, 79823, 79828, 79841, 79847, 79864, 79897, 79906, 79919, 79929, 79974, 80000, 80008, 80014, 80122, 80157, 80178, 80298, 80318, 80336, 8034, 80737, 80740, 80818, 80853, 80863, 80864, 81033, 81168, 81309, 81327, 81328, 81492, 81577, 81691, 81696, 81794, 81797, 81928, 83468, 83643, 83856, 83889, 83983, 84060, 84105, 84264, 84267, 84270, 84314, 84316, 8448, 84518, 84650, 84667, 84891, 84905, 84909, 84913, 84940, 84942, 84971, 84975, 85019, 85301, 8532, 89846, 89874, 89932, 90313, 90423, 90488, 90624, 90634, 90673, 90693, 9091, 9096, 9120, 91252, 91433, 91653, 9175, 91862, 92305, 92346, 92565, 93010, 9394, 9399, 94026, 94039, 9427, 9489, 9637, 9654, 9679, 9697, 97, 9741, 9745, 9811, 9827, 9842, 9854, 9895
GWAS:1	Age_at_menarche_ReproGen_2017	10000, 10055, 10181, 10236, 10277, 103, 10611, 10724, 10725, 10856, 109, 10919, 10973, 11059, 11060, 11151, 1154, 1192, 1207, 128866, 1294, 1476, 1488, 1495, 150, 1500, 1513, 1600, 1605, 1643, 1728, 1740, 1759, 1806, 1958, 1981, 2065, 2066, 2119, 2193, 221037, 22907, 22978, 23030, 23047, 23054, 23081, 2309, 23135, 23196, 23314, 23373, 23410, 23564, 2488, 2516, 2524, 2530, 2550, 25777, 25898, 25978, 2639, 2690, 27086, 27101, 27113, 27250, 27316, 2776, 2869, 2876, 2887, 28987, 2956, 29979, 3014, 302, 3105, 3119, 3122, 3134, 3135, 3187, 3312, 3490, 3615, 3624, 3643, 3683, 3714, 3716, 3717, 377, 3814, 387, 389421, 3913, 392, 3953, 406, 4088, 4150, 4159, 4160, 4170, 4296, 4352, 4363, 4485, 4486, 4607, 462, 4646, 4653, 4724, 4760, 4781, 4836, 4915, 4927, 4929, 4987, 50807, 51144, 5122, 51305, 51602, 51684, 51773, 52, 5300, 5449, 5460, 5479, 54901, 54927, 5528, 5531, 55328, 5537, 5550, 55553, 55626, 55660, 5571, 55720, 5576, 55851, 5594, 5595, 5604, 5607, 56652, 5702, 57118, 5719, 57412, 57521, 5754, 5789, 5792, 5859, 5861, 5917, 5970, 60412, 6095, 6124, 6157, 6231, 6258, 627, 6304, 63826, 63892, 6405, 6434, 64478, 64710, 653361, 659, 6599, 6642, 6660, 667, 6688, 6878, 6926, 6927, 6934, 7003, 7021, 705, 7068, 71, 7170, 7225, 728, 7341, 7343, 7375, 7407, 7453, 7514, 7529, 775, 7799, 79068, 79109, 7917, 8019, 80312, 80335, 8085, 814, 8200, 8208, 8314, 8379, 84557, 84790, 8518, 8567, 8607, 8660, 8661, 867, 8766, 8788, 8861, 896, 9063, 9100, 9129, 9135, 91746, 9221, 9459, 9611, 9682, 9730, 9757, 9768, 9776, 9793, 9821, 9846, 9863, 9879, 9898, 991, 993, 9961, 10024, 10040, 10150, 10171, 10180, 10260, 10293, 10360, 10363, 10423, 10425, 105, 10817, 10869, 10912, 10978, 11101, 11149, 11196, 11261, 11278, 112950, 113026, 116138, 1181, 124790, 126393, 128869, 129787, 1353, 1388, 144097, 144100, 149041, 1522, 1608, 160851, 1795, 1798, 199990, 219541, 221035, 222584, 2262, 22858, 22880, 22949, 22994, 23017, 23042, 23060, 23082, 23166, 23177, 23211, 23248, 23261, 23334, 23338, 23392, 23466, 23471, 23492, 252983, 253980, 255967, 257194, 25764, 25792, 25921, 25981, 25988, 26054, 26137, 26249, 26259, 26268, 2649, 2686, 27033, 27289, 27306, 275, 2779, 2792, 2820, 282679, 283899, 2894, 29760, 29925, 30819, 3131, 3150, 327, 346007, 348654, 3547, 3642, 375298, 387103, 4038, 4045, 4130, 4640, 473, 4990, 5099, 51069, 51086, 51096, 51124, 51128, 5126, 51271, 51272, 51317, 51368, 51447, 51517, 51523, 51657, 51704, 51715, 51780, 51804, 5194, 5253, 53353, 53944, 54014, 54535, 54566, 54805, 54870, 55023, 55024, 55249, 55308, 55729, 55870, 55957, 5630, 56916, 56987, 57018, 5746, 57511, 57531, 57555, 5796, 5799, 58487, 58499, 60488, 60626, 60676, 60678, 63891, 63929, 63931, 64067, 64506, 64839, 6487, 64902, 6492, 6494, 6586, 65975, 65986, 678, 6821, 6870, 6902, 6911, 6941, 7075, 7318, 7357, 7480, 7483, 7586, 7690, 784, 7867, 79047, 79176, 79631, 79671, 79719, 79827, 79834, 79877, 79892, 80036, 80129, 80317, 80324, 8036, 80736, 8120, 819, 81930, 822, 8321, 84445, 84545, 8479, 8505, 8525, 8545, 8568, 8574, 8624, 8631, 8638, 8727, 8728, 8895, 8927, 8940, 89866, 90933, 90993, 9139, 9158, 9179, 92105, 9213, 9228, 9229, 9244, 9254, 9315, 9325, 9344, 93664, 9409, 94121, 9455, 9477, 9499, 9522, 9647, 9683, 9736, 9761, 9779, 9807, 9829, 9892, 9910	100188893, 100526835, 10126, 10302, 10385, 105378803, 10675, 10734, 10888, 10944, 11112, 11172, 11250, 11264, 114784, 114800, 114818, 114821, 115209, 115703, 115704, 119032, 120071, 120534, 121665, 123099, 123720, 123722, 123803, 124152, 124274, 124446, 124565, 125058, 125150, 127254, 131034, 131408, 134429, 134553, 134728, 140685, 140688, 144233, 144245, 145853, 146378, 146705, 146754, 148137, 149076, 150726, 151188, 153364, 154215, 157724, 158293, 158399, 158401, 165140, 167359, 168433, 169611, 170680, 171482, 196074, 1961, 199746, 200172, 200942, 202658, 204474, 219539, 219578, 221336, 222389, 222696, 22955, 23109, 23132, 23316, 23731, 23732, 245812, 253982, 254122, 254863, 255027, 256126, 256281, 257202, 25789, 25799, 25817, 25862, 25886, 25912, 26033, 26150, 2620, 26470, 26750, 27039, 27127, 283152, 283209, 283254, 283600, 284071, 284184, 284274, 284358, 285237, 2880, 28971, 29951, 29960, 317649, 317761, 338761, 339834, 340719, 342035, 343578, 345222, 346171, 347088, 347468, 347732, 348093, 348174, 3617, 375341, 375449, 375519, 375593, 386617, 386724, 387032, 387707, 387712, 388569, 388701, 389118, 389136, 389541, 389549, 390259, 390598, 399909, 400506, 404636, 408263, 4185, 4238, 440955, 4861, 4947, 50651, 51115, 51161, 51224, 51226, 51277, 51303, 51306, 51307, 51308, 51409, 54619, 54681, 54741, 54780, 54884, 54887, 54942, 54958, 55007, 55049, 55055, 55070, 55137, 55152, 55179, 55184, 55279, 55295, 55719, 55727, 55888, 56253, 57113, 57419, 57451, 57455, 57497, 57558, 57578, 57596, 57666, 57701, 57715, 59336, 60680, 64208, 64288, 64799, 6483, 64921, 64925, 652991, 6988, 7551, 7584, 7746, 78995, 79012, 79033, 79037, 79153, 79446, 79591, 79624, 79664, 79690, 79713, 79731, 79777, 79849, 79856, 79864, 79897, 80031, 80059, 80318, 80336, 80731, 80737, 80818, 81888, 81926, 83473, 83719, 83723, 83855, 84064, 84105, 84163, 84173, 84267, 84276, 84315, 84316, 8448, 84553, 84614, 84787, 84830, 84851, 85015, 85478, 8715, 88745, 89927, 90806, 91252, 92591, 93145, 9705, 9745, 9854, 9866
GWAS:27	Schizophrenia_vs_Bipolar_disorder_PGC_2014	10000, 10211, 10537, 10758, 10919, 1136, 1138, 1143, 1182, 1192, 1302, 1385, 1460, 1500, 1586, 1616, 177, 1781, 1806, 1813, 199, 2011, 203068, 2033, 2066, 2107, 2147, 2175, 2242, 2260, 2272, 22978, 23, 23019, 2309, 2316, 23196, 23314, 23368, 23451, 23564, 23683, 26058, 26354, 27086, 288, 2913, 2957, 2968, 3006, 3008, 3009, 3024, 3077, 3105, 3106, 3107, 3108, 3117, 3119, 3122, 3123, 3127, 3134, 3135, 3303, 3304, 3305, 3313, 3329, 3550, 3624, 3658, 3661, 3710, 3745, 3831, 387893, 389421, 392, 3990, 4140, 4179, 4277, 4482, 4758, 4775, 4842, 4855, 4916, 4925, 5045, 5079, 5096, 51079, 51107, 5142, 5243, 5330, 53335, 53345, 54106, 5429, 5460, 54715, 54815, 55120, 55193, 5521, 5531, 55626, 5587, 55937, 5595, 5598, 56244, 5699, 5740, 57412, 57521, 578, 5792, 5905, 5929, 5987, 6134, 6249, 63826, 64478, 64919, 6499, 667, 6720, 6721, 6733, 6892, 6901, 6925, 7010, 7068, 7124, 7148, 717, 7407, 7444, 7473, 7517, 7531, 7726, 775, 780, 783, 7840, 7916, 7917, 7936, 8087, 8356, 83596, 8363, 8364, 83700, 8379, 84159, 8910, 8997, 9093, 9129, 9170, 91752, 9529, 9568, 9682, 9776, 9793, 9839, 9861, 10198, 10204, 10274, 10471, 10475, 10554, 10665, 10743, 10806, 11074, 11118, 11119, 11141, 1132, 116071, 117247, 131118, 137492, 1388, 146691, 148113, 151011, 152006, 152330, 153527, 1687, 170679, 170954, 1774, 1797, 1800, 1819, 1996, 221496, 221935, 23042, 23094, 23113, 23130, 23166, 23248, 23259, 23264, 23293, 23310, 23334, 2334, 23362, 23383, 23438, 23457, 23469, 23478, 23659, 23774, 24149, 253980, 25791, 25843, 25921, 26010, 26051, 26056, 26128, 27303, 2794, 2823, 283899, 28972, 28992, 29123, 29777, 3010, 3017, 3035, 30819, 30834, 346007, 348980, 3697, 3699, 3700, 3769, 3833, 399979, 4038, 4124, 4248, 4325, 4439, 4665, 4668, 4695, 4700, 473, 4828, 4900, 4978, 5089, 51070, 51130, 51177, 51329, 51460, 51490, 51780, 5252, 5253, 5334, 534, 54535, 54805, 54882, 54904, 55167, 55206, 5523, 5526, 55604, 55654, 55700, 55735, 55830, 55964, 56603, 56658, 56776, 56899, 57176, 57188, 57326, 57502, 57794, 57819, 58506, 6048, 6252, 63940, 63943, 64219, 64506, 64786, 64943, 6560, 6568, 66037, 6787, 6911, 6941, 6942, 696, 6992, 7745, 79019, 7918, 79568, 79660, 79797, 79913, 79969, 80004, 80145, 80212, 80222, 80317, 80714, 80736, 8099, 8120, 8329, 8334, 8340, 8341, 8347, 83698, 83943, 8479, 8525, 8831, 8859, 8911, 8969, 89870, 90952, 9118, 91526, 91574, 91647, 9277, 9344, 9374, 9509, 9640, 9779, 9892, 9980, 9988	10050, 100507679, 100526772, 100529241, 10107, 10246, 10279, 10384, 10385, 10473, 10786, 110599563, 11120, 11270, 114821, 115708, 117283, 119032, 124446, 127579, 127703, 129450, 130132, 130617, 133418, 133482, 135644, 135656, 137994, 144348, 148252, 150356, 150368, 151194, 154215, 158293, 162494, 164684, 166336, 167681, 170680, 196383, 202658, 203062, 205327, 221504, 221527, 221545, 222696, 222698, 22986, 22990, 22997, 23379, 23584, 253982, 254531, 25778, 259215, 26251, 26531, 26692, 26707, 26716, 27132, 280636, 283129, 283254, 29113, 29965, 346157, 346171, 348751, 374887, 375346, 387032, 388336, 389084, 389125, 389376, 394263, 401251, 404037, 404734, 4238, 440957, 442191, 50651, 51075, 51201, 51291, 51308, 53833, 54838, 54920, 54970, 54993, 55568, 55793, 56135, 56140, 56141, 56142, 56143, 56144, 56145, 56146, 56147, 5639, 57538, 57605, 57688, 57827, 58496, 64080, 64174, 64288, 643376, 7718, 7738, 7746, 79018, 79038, 79087, 79137, 79144, 79153, 79161, 79174, 79630, 79676, 79684, 79692, 79918, 79993, 80031, 80148, 80219, 80309, 80311, 80345, 80352, 80737, 80740, 80863, 80864, 81696, 81697, 81797, 81888, 83450, 83697, 83723, 84138, 84186, 84334, 8448, 84513, 84547, 84942, 9057, 9148, 9162, 91689, 9258, 9278, 94026, 94097, 9553, 9651, 9674, 9745, 9753, 9881, 9889
GWAS:16	Inflammatory_Bowel_Disease_NA_2017	10043, 100507436, 10109, 10181, 10211, 10270, 1041, 10454, 10758, 109, 10911, 10919, 11140, 11180, 11273, 11315, 1192, 1201, 120892, 1235, 1294, 1326, 1390, 1398, 1437, 1440, 1460, 149233, 1513, 1520, 1540, 1605, 171023, 1738, 177, 1788, 1811, 1942, 1959, 199, 2064, 2113, 2212, 2224, 22806, 23118, 23308, 23347, 23418, 2355, 246778, 2524, 2590, 259197, 25970, 26135, 2618, 2625, 2629, 2646, 27040, 27086, 2782, 2805, 284119, 2876, 2879, 2886, 29117, 29126, 2968, 29949, 29956, 3106, 3108, 3109, 3111, 3112, 3115, 3117, 3118, 3119, 3120, 3122, 3123, 3127, 3164, 3172, 3303, 3304, 3305, 3310, 3383, 345611, 3458, 3558, 3559, 3565, 3579, 3586, 3593, 3595, 3615, 3659, 3664, 3676, 3683, 3717, 3767, 3798, 387, 389, 3912, 3913, 3992, 4012, 4046, 4049, 405, 4055, 4069, 4088, 4170, 4261, 4277, 43, 4306, 4318, 4485, 4486, 4582, 4720, 4758, 4771, 4772, 4855, 487, 4925, 5141, 51593, 51744, 51750, 5313, 5328, 5336, 54206, 5434, 5443, 5460, 54901, 5496, 55054, 5530, 5536, 55600, 55612, 5562, 5576, 55876, 55937, 56244, 56946, 5709, 57154, 57178, 5734, 5739, 5771, 58, 5859, 5966, 60468, 6097, 6122, 6198, 629, 6346, 6347, 6356, 63892, 6405, 64127, 64167, 64170, 6499, 6583, 6584, 6774, 6776, 6777, 6817, 6925, 7067, 7124, 7148, 717, 7284, 7292, 7332, 7375, 7384, 7407, 7514, 7704, 779, 780, 7818, 7850, 7916, 7917, 7919, 7936, 79727, 815, 81704, 818, 84152, 8453, 8454, 8648, 8651, 8751, 8764, 8771, 88, 8809, 896, 9173, 9180, 9261, 930, 9341, 94103, 9415, 9507, 9516, 969, 9862, 9869, 9919, 9966, 10042, 10067, 10180, 10293, 10425, 10554, 10636, 10665, 10807, 10869, 10960, 11074, 11116, 112869, 113, 116028, 1196, 134510, 1388, 14, 150962, 159296, 163486, 170679, 1797, 1810, 1880, 1944, 1951, 1996, 219771, 22794, 22849, 22862, 22895, 23042, 23046, 23176, 23203, 23216, 23271, 23753, 253430, 25953, 26086, 26160, 275, 2779, 284110, 2859, 2976, 29925, 29959, 3083, 327, 3386, 374383, 387103, 4050, 4143, 433, 4439, 4580, 4669, 4795, 50861, 5089, 51447, 51517, 5194, 5210, 534, 535, 53637, 5409, 54535, 54751, 54870, 549, 54973, 54998, 55024, 55027, 55052, 55154, 55163, 55249, 55847, 55870, 5619, 56623, 57176, 57602, 57708, 57819, 5822, 58525, 6016, 6048, 6167, 6295, 6339, 6357, 63891, 63940, 63943, 64114, 65010, 65220, 6569, 6575, 6621, 666, 677, 678, 6799, 6941, 7142, 7165, 730, 7318, 79172, 7918, 7920, 7940, 79871, 79874, 79934, 79969, 80271, 80736, 80762, 80829, 81669, 8347, 84072, 84162, 84293, 84299, 84619, 8477, 8526, 8527, 85441, 8572, 8635, 8694, 8807, 8859, 8897, 8927, 8974, 8986, 9145, 9371, 9374, 9404, 9736, 9784, 9807	100125288, 100505591, 100507679, 10139, 10462, 10712, 11022, 110599563, 11172, 11262, 112812, 116984, 123803, 124460, 124626, 124817, 125113, 126789, 128611, 130271, 132612, 135656, 140685, 140688, 140701, 140739, 142683, 143241, 146198, 150223, 150280, 153830, 155185, 160365, 160857, 1611, 163688, 170680, 199800, 200132, 200185, 200942, 219293, 219956, 220064, 22904, 22979, 23169, 23252, 23415, 23548, 255104, 257202, 259215, 26205, 283234, 284485, 2848, 29113, 337876, 339210, 339804, 339834, 343099, 346171, 3641, 375341, 386724, 387694, 388581, 389015, 389118, 389119, 389376, 390191, 391356, 392862, 399818, 400757, 400935, 401251, 402682, 440955, 441869, 50939, 50999, 51195, 51246, 51277, 51281, 51686, 54546, 54681, 54923, 55152, 55204, 55732, 55765, 55911, 55954, 56731, 56996, 57657, 58531, 64599, 64838, 6534, 6988, 7059, 728489, 728734, 79012, 7932, 79990, 80128, 80737, 80863, 80864, 81619, 81696, 83985, 84163, 84276, 84315, 84542, 84871, 84890, 84901, 85027, 85407, 85452, 90624, 93210, 94235, 9679, 9777
GWAS:19	Mean_corpuscular_volume_NA_2018	10019, 10121, 1021, 10320, 10347, 10383, 10456, 10661, 10767, 10938, 10961, 11143, 116519, 121340, 1586, 1644, 164656, 1647, 1890, 1950, 200186, 217, 2193, 2235, 2237, 22925, 22978, 23350, 23367, 23410, 240, 25793, 25813, 25929, 2618, 26277, 2639, 26608, 269, 2783, 3040, 3077, 3107, 32, 353, 3690, 38, 3992, 410, 4137, 4218, 4299, 4598, 4602, 4633, 4650, 472, 4905, 498, 5094, 51085, 51366, 51684, 5225, 5339, 5393, 5437, 54464, 545, 5531, 55328, 55553, 55692, 5602, 5698, 57412, 57459, 5781, 5788, 58477, 5886, 5916, 5981, 6240, 632, 6446, 6453, 6667, 7015, 7018, 7036, 7037, 705, 7068, 7170, 7187, 7203, 7222, 7332, 7343, 7473, 7704, 780, 7942, 80339, 811, 823, 8356, 8655, 8660, 8683, 8766, 8850, 890, 896, 9031, 9049, 9415, 94239, 9618, 9700, 978, 9780, 9839, 9898, 10158, 10166, 10171, 10240, 10260, 10296, 10723, 10817, 10906, 11000, 11030, 1120, 11322, 115106, 117247, 118980, 129685, 1337, 1375, 147138, 147339, 152559, 152831, 159296, 170679, 1777, 197322, 1997, 220972, 22895, 23039, 23075, 23119, 23228, 23381, 2342, 23526, 23542, 253725, 255022, 26043, 26234, 27173, 2766, 283450, 284058, 2907, 29093, 29781, 29911, 3010, 3050, 326625, 35, 3720, 4122, 4357, 4677, 4863, 4939, 4940, 5002, 5118, 51218, 51272, 51379, 51412, 51499, 51560, 5357, 54805, 54878, 55212, 55589, 55803, 55892, 57175, 57728, 60626, 6199, 63922, 63979, 6563, 6568, 6575, 6911, 696, 7263, 7786, 79733, 79734, 79736, 79915, 80018, 80317, 8048, 8315, 8334, 8341, 83759, 83986, 84717, 84875, 8550, 8882, 89910, 9046, 90480, 9275, 9315, 9337, 9477, 9478, 9761, 9921	100188893, 100526737, 100529261, 10237, 10246, 10263, 10361, 10826, 10899, 112770, 113730, 113746, 114821, 114926, 115286, 119032, 121665, 122416, 124989, 128229, 128368, 131540, 131890, 133491, 135656, 143888, 150223, 150280, 160140, 160762, 200931, 22983, 23026, 23316, 256126, 256356, 257202, 25862, 25893, 25912, 26577, 283446, 283459, 28986, 3042, 339669, 343171, 343172, 344657, 375791, 387032, 388701, 390212, 391104, 391112, 403313, 440836, 51088, 51292, 51367, 51475, 517, 54458, 54855, 55064, 55231, 55731, 55778, 56006, 56159, 57010, 57545, 57722, 5790, 643236, 644186, 64420, 64577, 64598, 64599, 64799, 79153, 7932, 79600, 79782, 79847, 79957, 80194, 80724, 81556, 81558, 81697, 83719, 83878, 83937, 84274, 84283, 84326, 84331, 84517, 84747, 84941, 84975, 8786, 89894, 9050, 90736, 91181, 91289, 91433, 9187, 93550, 9792, 9909, 9946
GWAS:12	Height_GIANT_2010	100507436, 1021, 10238, 10393, 10544, 10658, 109, 10919, 1192, 1301, 1431, 1434, 1460, 1593, 1656, 176, 177, 1788, 1869, 199, 2099, 2120, 2202, 221895, 2264, 23047, 23054, 23400, 23429, 2346, 23512, 23788, 259197, 26052, 2693, 2695, 2768, 3006, 3024, 3077, 30816, 3106, 3107, 3123, 3159, 3305, 3400, 3549, 3643, 3692, 3710, 3757, 3842, 389421, 3915, 4016, 4049, 4215, 4277, 4646, 4691, 4738, 4776, 4782, 4846, 4856, 4880, 4882, 4883, 4925, 5069, 5139, 51561, 51602, 5168, 51684, 5189, 5324, 5393, 5467, 54829, 5495, 5590, 55937, 5702, 5727, 5795, 5890, 593, 6059, 6204, 6390, 64151, 64170, 64223, 64399, 6497, 6499, 6583, 6584, 6640, 6688, 6773, 6909, 7003, 7042, 7090, 7148, 717, 7249, 7916, 7917, 7919, 7936, 79727, 79840, 8091, 8200, 823, 8351, 8364, 8365, 84444, 84557, 8648, 8835, 8939, 9451, 9470, 9584, 974, 9780, 10105, 10137, 10198, 10274, 10564, 10807, 11190, 11240, 11267, 113026, 11325, 124790, 128869, 129563, 1369, 1388, 140823, 153241, 169714, 1797, 1877, 196883, 2036, 22927, 23272, 23294, 253461, 254251, 25980, 26133, 26137, 2686, 27148, 283373, 29777, 29984, 3010, 3017, 319, 3696, 3697, 3699, 3700, 3768, 387103, 4058, 4237, 4295, 4439, 4795, 50619, 51230, 51319, 51460, 51534, 51614, 51654, 534, 54535, 54726, 54808, 55167, 55206, 55212, 5523, 55245, 55332, 55661, 55902, 56623, 56915, 57003, 57188, 57211, 57216, 57623, 57644, 57695, 57798, 58476, 58499, 5913, 594, 605, 617, 6457, 64771, 64778, 64780, 65264, 6941, 7005, 7429, 7798, 79172, 7940, 80304, 80736, 8099, 8224, 8334, 8347, 83658, 84300, 84812, 8555, 8572, 8738, 8859, 8904, 8974, 9054, 9125, 9139, 91574, 91768, 92335, 9321, 9374, 9563, 9686, 9696, 9760, 9841, 9855, 9900, 9924, 9945	100507679, 100526772, 10443, 10893, 10903, 11046, 11264, 114659, 116461, 116841, 117283, 124930, 128876, 135656, 140873, 140894, 144347, 151295, 153129, 155185, 170680, 170691, 1775, 1842, 195814, 195828, 200172, 221491, 222663, 22834, 22955, 22979, 23034, 23127, 255101, 257415, 26206, 282890, 283375, 283871, 285051, 285331, 285755, 317761, 339500, 347732, 348180, 374907, 375346, 388650, 388931, 389125, 401250, 401541, 442184, 442186, 4958, 51277, 51282, 54876, 55101, 55297, 55741, 56169, 56995, 57169, 57524, 57605, 5922, 63941, 64428, 65094, 65990, 6676, 728489, 728763, 7629, 7701, 79006, 79823, 80863, 80864, 84060, 84105, 84264, 84905, 85019, 89846, 92305, 9654
GWAS:36	Type_2_Diabetes_NA_2019	10019, 10043, 10084, 1024, 10241, 1028, 1030, 1031, 1041, 10644, 11124, 1312, 1487, 1616, 164, 169026, 177, 1773, 1871, 2113, 2200, 2264, 23035, 2332, 23499, 239, 2550, 2580, 25942, 26053, 2617, 26276, 2645, 2646, 2695, 2696, 27, 27044, 2740, 2775, 286, 29978, 3026, 3087, 3105, 3106, 3107, 3172, 3292, 3416, 3486, 3551, 3672, 3710, 3784, 3832, 387893, 3952, 463, 4763, 4772, 4773, 4855, 5078, 5080, 5236, 5425, 5460, 54901, 55183, 55294, 55898, 5654, 57118, 57178, 5728, 57521, 578, 5909, 59343, 595, 596, 6239, 633, 64170, 64324, 64399, 6480, 6499, 6506, 6613, 6633, 6660, 672, 673, 6927, 6934, 7054, 7088, 7103, 7148, 7283, 7325, 7364, 79068, 79661, 8091, 846, 8761, 8945, 9055, 9365, 9690, 9846, 9861, 9919, 10125, 10164, 10198, 10239, 10245, 10296, 10363, 10417, 10493, 10807, 11152, 11164, 113026, 113189, 116985, 123920, 124944, 1369, 137964, 147912, 1607, 161357, 165, 169792, 170679, 1762, 1797, 1800, 1852, 200734, 2145, 22837, 22927, 23130, 23199, 23203, 23338, 23383, 23457, 255877, 25953, 26086, 26122, 2649, 26872, 27175, 27344, 2813, 2826, 2888, 2926, 29982, 30833, 3597, 381, 4122, 415116, 4795, 492, 5002, 5089, 51155, 5119, 51192, 51479, 516, 51659, 5334, 535, 53918, 54439, 54535, 54536, 54814, 55206, 55209, 55218, 5526, 55559, 55790, 56623, 56850, 56924, 57181, 57794, 5780, 57819, 58497, 58516, 59338, 60488, 6049, 60495, 63940, 64114, 64762, 64897, 65264, 66037, 6621, 6641, 6941, 6945, 7326, 7884, 79571, 79834, 80145, 80347, 8099, 83463, 84133, 84196, 84296, 84440, 84450, 84649, 8506, 8527, 8543, 8638, 8816, 8859, 8872, 91574, 92597, 94241, 9696	100507679, 100526783, 100529251, 10099, 10234, 10794, 113277, 113540, 128486, 133686, 135656, 139221, 140902, 146225, 146227, 150275, 157848, 158584, 158586, 162427, 162515, 168850, 169611, 169981, 170261, 170680, 195828, 196383, 196951, 201232, 203447, 2123, 2124, 220064, 221491, 222235, 22902, 22996, 23140, 23316, 23403, 24139, 261729, 26531, 27166, 283229, 284076, 285267, 285761, 29113, 29893, 29999, 339344, 339345, 341116, 346288, 348110, 387849, 388115, 401251, 440400, 474343, 4974, 53917, 54466, 54729, 55176, 55789, 56171, 56986, 57198, 57542, 57558, 57605, 57654, 5794, 58498, 60685, 63950, 728489, 728780, 7567, 7789, 78997, 7932, 79990, 80724, 81696, 83787, 83795, 84561, 84681, 89822, 90576, 91433, 91653, 9312, 9671, 9866
GWAS:37	Ulcerative_colitis_NA_2017	10043, 100507436, 10181, 1041, 10758, 10919, 11151, 11180, 11273, 11315, 1192, 1201, 1294, 1302, 1326, 1364, 1365, 1440, 149233, 1605, 1738, 177, 1788, 1811, 1942, 199, 2064, 2212, 23534, 23564, 246778, 2494, 2550, 25865, 259197, 25970, 26135, 2625, 2768, 2782, 2805, 2876, 29126, 3105, 3106, 3107, 3108, 3109, 3111, 3112, 3113, 3115, 3117, 3118, 3119, 3120, 3122, 3123, 3127, 3164, 3207, 3303, 3304, 3305, 3310, 345611, 3558, 3579, 3586, 3593, 3595, 3615, 3663, 3683, 3717, 387, 3912, 4046, 4049, 4088, 4277, 4485, 4486, 4582, 4758, 4792, 4855, 487, 4987, 51176, 51564, 51750, 5336, 54206, 5460, 5514, 5576, 55876, 56244, 56946, 5709, 5739, 5771, 5859, 5879, 5966, 6015, 6097, 6122, 6257, 629, 6374, 63892, 6405, 64170, 6499, 6550, 6605, 6774, 6776, 6777, 6817, 7124, 7148, 717, 7284, 7332, 7375, 7384, 7407, 7514, 779, 7916, 7917, 7919, 7936, 815, 8764, 8771, 9173, 94103, 9862, 9919, 9966, 999, 10042, 10180, 10287, 10293, 10425, 10554, 10636, 10665, 10807, 10960, 11076, 11261, 112869, 113263, 11336, 134510, 1388, 150962, 159296, 170679, 1797, 1951, 22794, 23046, 23203, 23271, 25953, 26086, 275, 2779, 284110, 2859, 29925, 327, 339287, 3706, 4050, 415116, 4439, 4795, 50861, 5089, 51412, 51447, 51497, 51517, 5194, 5210, 534, 535, 54535, 54870, 55052, 55722, 56623, 56997, 57602, 57708, 57819, 6048, 6339, 63891, 63940, 63943, 65010, 6569, 6621, 677, 6941, 7318, 7918, 7920, 7923, 79258, 7940, 79874, 79969, 80736, 80829, 81669, 83660, 84072, 84619, 85441, 8859, 8897, 8927, 8974, 9034, 9145, 9374, 9404, 9736, 9807	100287898, 100505591, 100507679, 10139, 110599563, 11142, 11172, 11270, 120400, 123803, 124491, 124626, 125113, 126299, 126789, 127281, 128611, 135656, 135886, 140685, 146198, 150280, 155185, 155368, 170680, 198437, 200185, 200942, 2128, 219965, 221955, 222696, 23169, 23252, 255104, 257202, 259215, 26205, 2848, 2880, 29113, 30814, 339804, 339834, 3641, 375341, 386724, 389118, 389119, 390190, 390191, 392862, 394263, 400757, 400935, 401251, 402682, 440533, 440955, 51281, 54546, 54681, 54827, 54923, 55152, 55732, 55765, 55911, 55954, 56731, 56996, 57140, 613212, 653082, 6988, 7059, 728489, 79012, 7932, 80128, 80737, 80863, 80864, 81696, 84276, 84315, 84542, 84792, 85452, 93210
GWAS:5	Atrial_fibrillation_NA_2018	10021, 10112, 1021, 1026, 1031, 10576, 10724, 10728, 1073, 1081, 10949, 10985, 1163, 1394, 1398, 1482, 1654, 2042, 2060, 2064, 2100, 2176, 2201, 221037, 22872, 23030, 23224, 23314, 23411, 23451, 23683, 26136, 27161, 27343, 2908, 307, 310, 3339, 3563, 3570, 3709, 3752, 3757, 3762, 3782, 4046, 4084, 4089, 4092, 4137, 4194, 427, 4624, 4625, 463, 4666, 4905, 506, 5108, 51138, 51755, 5313, 5318, 5350, 5469, 55669, 55818, 55876, 5663, 5695, 57120, 5747, 58517, 5861, 5978, 6175, 6310, 6331, 6336, 6464, 64710, 6910, 7273, 7323, 7456, 7473, 7514, 817, 818, 81839, 845, 8451, 857, 858, 8697, 8729, 8742, 8751, 8835, 8858, 93649, 94103, 9632, 9862, 9948, 995, 10067, 10360, 10559, 10654, 10783, 10806, 10902, 11017, 11319, 1140, 114907, 116173, 1196, 159195, 2028, 221035, 221154, 2267, 22927, 23039, 23053, 23066, 23071, 23143, 23177, 23234, 23293, 23353, 23609, 246744, 253461, 255488, 25843, 26010, 26249, 2676, 284058, 284110, 2995, 29982, 30819, 3298, 3781, 438, 4756, 493856, 51043, 51320, 51608, 51780, 5309, 5334, 53349, 5396, 5409, 54897, 55014, 55154, 55245, 55249, 5557, 55670, 55870, 5662, 57326, 57602, 58529, 59345, 5959, 6468, 662, 6695, 7064, 79568, 79658, 79720, 79991, 80212, 8022, 80315, 8082, 8110, 84299, 8925, 89797, 90102, 9026, 9267, 9472, 9499, 9586, 9644, 9736, 9960	100526767, 100529241, 10090, 115253422, 115286, 115330, 118487, 118491, 124626, 127579, 129450, 130132, 132660, 133308, 142891, 144347, 144348, 144453, 149095, 149281, 150159, 151556, 153222, 153478, 154313, 155185, 162540, 170371, 170384, 196740, 197335, 200172, 205327, 206412, 219833, 222553, 22955, 22996, 23036, 23150, 257068, 25911, 25961, 26094, 27039, 283870, 283871, 2845, 284546, 285761, 28965, 29916, 29998, 317662, 347273, 348751, 375519, 376132, 3797, 387119, 407977, 4892, 51207, 51306, 51307, 51308, 55287, 55471, 56165, 57150, 57659, 57666, 58489, 60685, 643664, 64395, 64753, 65977, 6815, 729092, 7478, 79006, 79591, 79634, 79725, 79933, 83401, 8382, 84264, 84660, 84700, 84901, 84909, 84961, 8497, 8509, 8538, 85449, 8630, 89932, 9148, 93210, 9541
GWAS:10	Educational_attainment_SSGAC_2016	10010, 1012, 10181, 10213, 10419, 10724, 11273, 1161, 1201, 1294, 1394, 1434, 1600, 1605, 1630, 177, 1803, 2065, 2100, 221037, 22978, 23196, 23468, 25825, 25970, 26471, 27086, 2875, 2876, 29119, 3373, 3615, 3726, 3756, 387, 387893, 3913, 4134, 4137, 4208, 4485, 4486, 4781, 4791, 4864, 487, 4905, 5142, 5144, 51755, 5287, 53335, 5469, 54790, 55328, 57118, 57412, 5792, 5869, 5906, 60412, 6231, 6262, 6310, 6405, 6780, 687, 7003, 7188, 7284, 7375, 7473, 8365, 8428, 8729, 8766, 9255, 9378, 93986, 9401, 9495, 9682, 9859, 991, 10180, 10198, 10260, 10293, 10360, 10425, 10523, 10554, 10659, 10806, 11122, 112869, 112950, 113263, 116987, 1388, 143684, 1946, 1951, 200734, 221035, 22890, 22927, 23215, 23228, 23334, 23457, 23654, 246744, 253559, 254394, 257194, 26575, 27068, 27198, 27253, 275, 2779, 2823, 28232, 284058, 2868, 29925, 29982, 29992, 30819, 320, 327, 35, 359948, 3781, 3899, 4784, 4850, 4857, 5089, 51068, 51086, 51329, 51447, 51517, 5309, 533, 54700, 54805, 54870, 54930, 55147, 55206, 55218, 55534, 55729, 55758, 55843, 56257, 5662, 56853, 56987, 57794, 6002, 6048, 6299, 63891, 6487, 65010, 6821, 696, 7318, 79004, 79631, 79874, 8028, 8099, 81628, 83637, 83698, 8372, 84962, 84988, 8555, 8602, 8706, 8898, 8911, 8927, 8928, 90355, 9048, 91574, 91942, 9333, 93627, 9374, 9441, 9442, 9570, 9670, 9701, 9702, 9807	100526835, 10446, 10473, 10517, 113655, 116154, 116179, 121665, 144404, 152404, 152940, 162540, 164832, 196383, 200942, 201176, 203111, 221908, 222255, 222950, 22986, 23109, 23514, 24142, 256380, 26297, 2637, 283659, 29919, 29942, 29990, 338645, 339834, 343035, 343099, 345222, 375341, 386724, 389118, 389119, 401036, 401145, 402117, 402573, 414919, 440955, 441272, 441381, 50626, 50999, 54810, 55063, 55122, 55152, 55789, 55911, 55924, 576, 57600, 57605, 57624, 57688, 57722, 60686, 643155, 64375, 652991, 6988, 7597, 79012, 79591, 79632, 79676, 79939, 79993, 80031, 80864, 81888, 83401, 83473, 84247, 84276, 84315, 84955, 84961, 90990, 92017, 93145, 9486, 9684, 9842
GWAS:20	Platelet_count_NA_2018	10019, 10095, 1029, 10666, 10728, 10767, 10961, 10985, 11329, 116519, 142, 1576, 1577, 163, 1950, 201294, 2122, 217, 221037, 2237, 22925, 22937, 23186, 23410, 23468, 25813, 25930, 26277, 2646, 2784, 2811, 29119, 2938, 3122, 3178, 3490, 3609, 3710, 3717, 3842, 3992, 4162, 4233, 4250, 4277, 4601, 4602, 4633, 4650, 4678, 4738, 4781, 488, 506, 51434, 51773, 5216, 5338, 5339, 5431, 5437, 54433, 56897, 578, 5781, 5788, 5829, 59341, 5978, 6175, 7006, 7015, 7051, 7079, 7137, 7227, 7334, 80339, 81027, 8402, 8493, 8503, 867, 87, 8997, 9415, 948, 9577, 9734, 9846, 9927, 10094, 10171, 10326, 10327, 10552, 10590, 10723, 10749, 10906, 11176, 1181, 121642, 130540, 1388, 151903, 161882, 170679, 1798, 1840, 1997, 2027, 2172, 221035, 22818, 22895, 23039, 23131, 23139, 23414, 25974, 25988, 26024, 26330, 283450, 285489, 285527, 28977, 28981, 2939, 2949, 29982, 3083, 375033, 3833, 4065, 4681, 4815, 4939, 4940, 50488, 50650, 50808, 51184, 51228, 51290, 514, 51513, 51699, 53373, 54532, 54536, 54828, 55604, 55892, 57153, 6002, 6017, 64137, 7127, 7265, 7294, 745, 79071, 80018, 80273, 80762, 8315, 84260, 84273, 84300, 84450, 84749, 8528, 8550, 8609, 8646, 8831, 88455, 8882, 8896, 9046, 9098, 91768, 92105, 9315, 93624, 9551	100506736, 100526664, 100526740, 100528064, 10420, 11046, 11172, 113746, 117283, 118430, 121643, 122416, 124961, 126208, 131408, 132671, 144715, 144717, 149483, 151194, 160760, 160762, 170680, 221357, 221785, 222658, 222659, 23125, 23218, 23316, 23660, 257236, 25893, 25946, 26001, 283152, 283229, 283446, 2843, 285989, 28971, 29902, 341350, 342618, 343171, 345275, 352909, 3641, 3652, 388323, 388324, 388325, 51012, 51249, 51292, 51550, 53831, 54855, 54859, 55065, 55311, 55711, 55778, 57533, 57558, 5794, 60313, 64577, 647087, 6861, 746, 7775, 7789, 79102, 79600, 79849, 80024, 80119, 80301, 80724, 81890, 84124, 84226, 84517, 84622, 84915, 84934, 85019, 8630, 89894, 90135, 9050, 91433, 91828, 9552, 9778, 9854
GWAS:40	Vitiligo_NA_2016	10019, 100507436, 1041, 10919, 115352, 1192, 1235, 1302, 148022, 1616, 177, 199, 2065, 2175, 23054, 2313, 23564, 2547, 2550, 26191, 2648, 2695, 27086, 2915, 3002, 3009, 3105, 3106, 3107, 3108, 3117, 3119, 3122, 3123, 3127, 3133, 3134, 3135, 3276, 3303, 3304, 3305, 3559, 3661, 3702, 3710, 4157, 4277, 4340, 4758, 4809, 4855, 50, 5036, 50507, 50943, 51151, 5460, 54927, 55937, 55959, 56244, 572, 5770, 5788, 5869, 5878, 5905, 60468, 6222, 6231, 6257, 629, 6490, 64919, 6499, 6506, 6640, 6687, 6892, 7038, 7148, 717, 7299, 7407, 7726, 7916, 7917, 7919, 7936, 83596, 84557, 84991, 87178, 8792, 8840, 8842, 8924, 941, 960, 10066, 10471, 10554, 10665, 10766, 10783, 11074, 11116, 114904, 126129, 128869, 1388, 170679, 170954, 1800, 22895, 22980, 23264, 25989, 2794, 29123, 2999, 30834, 3833, 4351, 4439, 473, 4795, 5089, 5119, 51654, 5252, 53347, 534, 5372, 54504, 54535, 56658, 57819, 58506, 6048, 6293, 63940, 64761, 6723, 6821, 6941, 6992, 7008, 731, 7918, 7920, 79969, 80317, 80736, 81031, 8315, 8329, 8340, 8341, 84844, 8558, 8635, 8705, 8831, 8859, 9277, 9374, 9377, 9452	100507679, 10077, 1010, 10107, 102724473, 110599563, 11105, 11270, 114821, 117283, 124044, 124045, 135644, 141, 144717, 150365, 159091, 170680, 171568, 199800, 202658, 221472, 221527, 222659, 23316, 259215, 2622, 27132, 27254, 27351, 283234, 29113, 346171, 387032, 394263, 401250, 401251, 50651, 50852, 54665, 54849, 56834, 57827, 58496, 58530, 5863, 64092, 64288, 64375, 79007, 79879, 79897, 80352, 80724, 80737, 80740, 80741, 80863, 80864, 81696, 81697, 81797, 84501, 89801, 9144, 92822, 9605, 9753
GWAS:4	Alcohol_dependence_NA_2013	1012, 10371, 112399, 1131, 124540, 1501, 1600, 1630, 1740, 1793, 1804, 1806, 1808, 2066, 2104, 2131, 2272, 23022, 23054, 23081, 23236, 23345, 238, 2562, 26047, 26053, 284, 2869, 2890, 29119, 2917, 3516, 3752, 3778, 391, 4052, 4255, 4745, 5046, 5071, 5125, 51422, 51741, 54715, 5581, 5592, 56999, 57118, 57447, 5789, 6095, 6196, 6262, 6310, 63976, 64072, 64478, 65217, 665, 6840, 7068, 7074, 7225, 7399, 7704, 773, 775, 79068, 8038, 81608, 8470, 861, 8997, 9223, 9378, 9568, 9612, 9844, 9863, 1002, 10082, 105, 10667, 10690, 11122, 1124, 114884, 117583, 122786, 128869, 140733, 146713, 148281, 1496, 152330, 158038, 160335, 1607, 161357, 1826, 1838, 201266, 2257, 2259, 2262, 23037, 23040, 23072, 23254, 23261, 23266, 23281, 23284, 23362, 253559, 257194, 25925, 27303, 2762, 2792, 283455, 285195, 285362, 2895, 30820, 323, 399687, 40, 4045, 4289, 4651, 4978, 50863, 5101, 51130, 5121, 5126, 53353, 54622, 55016, 55083, 55691, 55714, 55790, 55799, 56479, 56776, 56853, 56934, 57144, 57194, 5793, 5796, 5797, 5799, 6000, 6092, 6263, 63895, 63982, 64067, 6503, 6695, 79875, 80333, 8224, 8522, 8618, 8633, 8854, 89797, 9037, 91584, 9215, 9228, 9229, 9628, 9686, 9732	100507421, 10090, 10186, 11055, 114784, 118611, 121256, 128553, 129684, 137868, 140469, 143425, 144347, 148641, 154215, 1953, 201501, 220164, 23034, 23504, 23544, 254827, 256536, 25817, 26011, 26230, 29937, 338811, 341880, 374378, 407738, 440279, 51617, 53942, 55351, 55568, 55733, 55741, 57451, 57453, 57537, 57687, 60526, 64077, 728215, 79750, 80003, 80031, 80206, 81578, 83641, 83938, 84448, 84966, 8632, 92017, 9811, 9951
GWAS:14	Immunoglobulin_A_deficiency_NA_2016	100507436, 10211, 1041, 10537, 10919, 115352, 1192, 1302, 1460, 1616, 177, 1959, 199, 203068, 23, 23274, 23564, 2550, 259197, 2968, 3006, 3008, 3009, 3024, 3077, 3105, 3106, 3107, 3108, 3109, 3111, 3112, 3113, 3115, 3117, 3118, 3119, 3120, 3122, 3123, 3127, 3133, 3134, 3135, 3303, 3304, 3305, 3394, 355, 3558, 3710, 392, 4049, 4192, 4277, 4340, 4758, 4855, 5460, 54806, 55626, 55876, 55937, 56244, 5696, 5698, 578, 5987, 6015, 6257, 629, 6499, 6890, 6892, 7124, 7148, 717, 7407, 7726, 780, 7916, 7917, 7919, 7936, 8356, 8363, 8364, 8870, 942, 9776, 10471, 10475, 10554, 10590, 10665, 11074, 11118, 11119, 1388, 170679, 1797, 25801, 2794, 29777, 3010, 3017, 30834, 3096, 321, 3833, 4050, 4439, 4795, 5089, 5252, 534, 54535, 55604, 56658, 57176, 57819, 6048, 6293, 63940, 63943, 6568, 6941, 696, 6992, 7745, 7918, 7920, 7922, 7923, 7940, 79969, 80317, 80736, 8329, 8334, 8340, 8341, 8347, 84300, 85236, 8525, 8705, 8831, 8859, 8969, 89870, 9277, 93323, 9374	100288072, 10050, 100507679, 10107, 10246, 10279, 10384, 10786, 110599563, 11120, 11270, 114821, 116511, 117283, 124626, 132612, 135644, 135656, 146177, 170680, 202658, 221504, 221527, 221545, 222696, 222698, 257202, 259215, 26531, 26692, 26707, 26716, 283254, 29113, 346171, 387032, 389376, 394263, 401250, 401251, 442191, 55911, 56911, 57827, 58496, 58530, 58531, 64288, 7718, 7738, 7746, 7932, 79692, 79897, 80345, 80352, 80737, 80740, 80741, 80742, 80863, 80864, 81696, 81697, 81797, 84547, 9278, 94026, 9753
GWAS:23	Red_blood_cell_count_NA_2018	10019, 1021, 10320, 10347, 1041, 10661, 10767, 10919, 10961, 1302, 1387, 1644, 1890, 2056, 2161, 217, 2193, 2237, 23411, 23495, 2597, 26277, 2639, 2783, 2993, 3107, 3122, 3159, 3710, 3992, 4137, 4602, 4633, 472, 4855, 4905, 51138, 5225, 54464, 545, 5531, 5581, 5586, 55898, 5595, 5629, 5698, 578, 5788, 5886, 5981, 6237, 6453, 6890, 7015, 7036, 705, 7068, 7148, 717, 7170, 7203, 7227, 7364, 7473, 7704, 7919, 7942, 811, 81608, 84444, 896, 9415, 94239, 9839, 9882, 9898, 10166, 10171, 10240, 10260, 10636, 10817, 10906, 11322, 115106, 1375, 1388, 147138, 147339, 152831, 159296, 170679, 1777, 220972, 22895, 22950, 23039, 23228, 23381, 252969, 253725, 253980, 283450, 283899, 284058, 29123, 29781, 29911, 2994, 3174, 3213, 3214, 3218, 4863, 4939, 5089, 5118, 51272, 51412, 5357, 54878, 54986, 55466, 55892, 57728, 5814, 60626, 63943, 63979, 6569, 6911, 7165, 745, 80018, 80331, 80349, 80736, 8315, 8341, 8479, 8550, 8859, 90480, 9315, 9344, 9374, 9477	100141515, 100188893, 100631383, 11182, 112770, 113730, 124446, 128229, 131540, 132660, 140685, 143888, 146378, 160140, 160762, 200185, 221527, 22983, 23316, 23550, 253982, 256126, 25862, 25900, 29113, 29989, 340260, 345456, 348094, 3652, 391104, 401250, 440836, 51088, 51179, 5639, 57479, 57722, 60313, 644186, 64577, 64598, 64599, 647087, 746, 79153, 79725, 79957, 80724, 81697, 83719, 83723, 84283, 8448, 8630, 8987, 89894, 9050, 91181, 91433, 93550
GWAS:2	Age_at_menopause_ReproGen_2015	10203, 10228, 10521, 10919, 11083, 1192, 1441, 1460, 1488, 177, 1781, 199, 2052, 2064, 2166, 23197, 23367, 23564, 23640, 25777, 259197, 26003, 26156, 2646, 2665, 2935, 2956, 3301, 3303, 3304, 3305, 3589, 3973, 4049, 4782, 4860, 4927, 51720, 5428, 5496, 55215, 55636, 55937, 56852, 57412, 57697, 6158, 672, 6732, 7035, 708, 7148, 717, 7407, 7520, 790, 7916, 7917, 80204, 81848, 8557, 8604, 8890, 9070, 9156, 9271, 9846, 10198, 10274, 10489, 10493, 10554, 10948, 11144, 11261, 11321, 11339, 113510, 150274, 1820, 22870, 22950, 23168, 23457, 23567, 25776, 26160, 26292, 27257, 2976, 29959, 3101, 3706, 387338, 4058, 4358, 4439, 4795, 51103, 51203, 51605, 51693, 534, 54906, 54994, 55167, 5523, 55234, 55486, 5557, 56993, 6017, 6048, 608, 64121, 7918, 7920, 79364, 80736, 81550, 84142, 8438, 84446, 84450, 84515, 84803, 863, 8859, 8884, 9247, 9567, 9784, 9874, 9929	100287226, 11015, 11036, 11044, 11057, 110599563, 113277, 120534, 130557, 144404, 148198, 164312, 200634, 204801, 221527, 221711, 222662, 22838, 254042, 259215, 28231, 284417, 284418, 285126, 286749, 3344, 388523, 390748, 401251, 51023, 51374, 54454, 54465, 54675, 54933, 57159, 57558, 57605, 57827, 58496, 646851, 64838, 7644, 79635, 79731, 80737, 80740, 81025, 8153, 81853, 84226, 84268, 84787, 84902, 8630, 91749, 92691, 93210
GWAS:39	Ulcerative_Colitis_IBDgenetics_2015	10109, 10181, 1041, 10919, 11315, 1390, 149233, 1605, 1738, 177, 1811, 199, 2064, 2212, 23534, 259197, 26135, 2768, 2876, 28987, 29117, 29126, 3106, 3108, 3112, 3115, 3117, 3118, 3119, 3122, 3123, 3127, 3207, 3303, 3304, 3305, 3310, 3579, 3586, 3595, 3615, 3663, 3683, 3717, 3798, 387, 3912, 4046, 4049, 4277, 4485, 4486, 4855, 51684, 51750, 54206, 5460, 55876, 5595, 56244, 5966, 629, 6405, 64170, 6499, 6774, 7124, 7148, 717, 7375, 7407, 779, 7917, 7919, 7936, 815, 84441, 8453, 8764, 8771, 94103, 9862, 9919, 9966, 10180, 10293, 10554, 10807, 1388, 14, 150962, 159296, 170679, 1797, 1951, 23046, 23203, 23271, 25953, 25996, 275, 2779, 284110, 2859, 29925, 327, 4050, 4439, 4795, 50861, 5089, 51447, 51460, 51517, 5194, 534, 54535, 54749, 54870, 56623, 6048, 6339, 63891, 63940, 63943, 64114, 65010, 6621, 6867, 6941, 7318, 7918, 79258, 7940, 79969, 84299, 84619, 8859, 8927, 9374, 9807	100287898, 100507679, 10139, 11172, 124626, 127281, 127550, 146198, 155185, 170680, 200942, 2128, 221527, 221545, 23252, 257202, 26205, 30814, 339834, 3641, 375341, 386724, 389118, 400757, 400935, 401251, 402682, 440955, 54546, 54827, 54923, 55765, 56731, 57827, 613212, 6988, 728489, 79012, 79847, 80737, 80863, 80864, 84276, 84315, 84542, 9746
GWAS:8	Crohn_s_Disease_IBDgenetics_2010	10181, 10616, 10911, 11140, 11273, 1201, 120892, 1390, 149233, 1540, 1605, 1788, 1959, 2224, 2524, 259197, 25970, 2629, 26471, 284119, 2876, 29117, 2968, 3107, 3111, 3112, 3117, 3118, 3135, 345611, 3593, 3615, 3659, 3717, 387, 3992, 4012, 4049, 4088, 4277, 4485, 4486, 4582, 4855, 487, 51744, 51750, 5313, 5331, 54901, 55054, 55553, 55612, 5562, 55876, 572, 5771, 5966, 60468, 6122, 6133, 629, 6347, 63892, 64127, 64167, 64170, 6499, 6583, 6584, 6774, 6817, 7124, 7148, 717, 7284, 7332, 7375, 780, 7818, 7919, 7936, 8453, 8771, 8809, 8863, 9173, 9181, 9341, 94103, 9415, 9919, 9966, 10067, 10125, 10180, 10293, 10807, 11116, 112869, 113, 1196, 1388, 140733, 144811, 150962, 152831, 159296, 23046, 23203, 23208, 253430, 27241, 275, 29925, 327, 4795, 51447, 51517, 5194, 5334, 534, 55154, 55249, 55847, 55870, 56623, 6016, 6295, 63891, 6575, 66037, 6621, 677, 7318, 745, 7940, 79874, 80762, 84619, 8477, 8527, 8572, 8635, 8807, 8897, 8927, 8974, 91869, 9807	10139, 10712, 11172, 11262, 124626, 130132, 140685, 150223, 150280, 160857, 161725, 170370, 170371, 22904, 23548, 26205, 3641, 375341, 386724, 389015, 389118, 389119, 400757, 401250, 56834, 57657, 6746, 6988, 728489, 746, 79012, 84276, 84315, 84624, 85407, 91975
GWAS:3	Age_related_Macular_Degeneration_NA_2016	1030, 10347, 1041, 10452, 1071, 10919, 113235, 1192, 1285, 1460, 1755, 177, 19, 199, 2165, 23418, 23564, 259197, 259266, 3075, 3078, 3090, 3106, 3107, 3117, 3119, 3122, 3303, 3304, 3305, 341, 348, 3490, 387715, 3990, 4049, 4088, 4277, 4318, 4758, 4855, 4999, 5096, 5155, 5336, 5460, 5465, 55666, 55937, 5654, 5819, 5890, 629, 6499, 6559, 6733, 7046, 7124, 7148, 717, 718, 720, 721, 7407, 780, 7916, 7917, 7919, 7936, 839, 8797, 8837, 10274, 10554, 10579, 10665, 10877, 10878, 11074, 1265, 127124, 1295, 1388, 145173, 163486, 170679, 1797, 23098, 23526, 2528, 253461, 26073, 2794, 29992, 4439, 4795, 5089, 534, 53938, 54517, 54535, 55167, 56257, 57819, 59338, 5959, 6017, 6048, 60491, 63940, 63943, 6941, 7126, 7918, 7920, 7940, 80736, 81494, 81628, 8224, 8315, 8854, 8859, 9322, 9374, 9991	100507679, 10873, 11057, 110599563, 118663, 126147, 135656, 1504, 170680, 221527, 221908, 222950, 23539, 259215, 29990, 3080, 343450, 346171, 360023, 388722, 389376, 394263, 399814, 401250, 401251, 402573, 441272, 55013, 55063, 55773, 56927, 56956, 57827, 58496, 58530, 80007, 80115, 80737, 80740, 80741, 80863, 80864, 81579, 91304
GWAS:41	White_blood_cell_count_NA_2018	10109, 1021, 1032, 1041, 10658, 10963, 11329, 114548, 1440, 1441, 151306, 1615, 1950, 22925, 22937, 2322, 23411, 25930, 26088, 2646, 2768, 29072, 2920, 30816, 3106, 3107, 3108, 3113, 3115, 3122, 3159, 3490, 3710, 3938, 4049, 4175, 4212, 4277, 445815, 4601, 4607, 4633, 4722, 4855, 51684, 5189, 5431, 5460, 5479, 55636, 5702, 5709, 5745, 578, 597, 6239, 6688, 7015, 7067, 7124, 7148, 7919, 94103, 948, 9572, 9861, 9862, 10023, 114971, 115677, 116444, 117289, 1238, 1388, 14, 151903, 159296, 170679, 22794, 23060, 23090, 23190, 23627, 25953, 26086, 284110, 2921, 403, 4050, 4065, 4634, 4795, 5089, 51513, 534, 54535, 56623, 56926, 57798, 5913, 63943, 64114, 64115, 64759, 64844, 64960, 6941, 7940, 79966, 80145, 80201, 80243, 81603, 84059, 84273, 8698, 9325, 93380, 9374, 9586	100506243, 100507679, 100526664, 127943, 135656, 1582, 160762, 170680, 222658, 222659, 23218, 23276, 23316, 23401, 23518, 257415, 29091, 29113, 348093, 374928, 399888, 400720, 401250, 441024, 4947, 5098, 54859, 56097, 56098, 57191, 64147, 79744, 79847, 83861, 84060, 84824, 84967, 84986, 89848, 90233, 90639, 9936
GWAS:34	Type_1_Diabetes_NA_2009	10019, 100507436, 10211, 1041, 10666, 1302, 1616, 177, 199, 203068, 2065, 23, 23274, 23344, 2550, 26191, 3007, 3009, 3106, 3107, 3108, 3109, 3111, 3112, 3113, 3115, 3117, 3118, 3119, 3120, 3122, 3134, 3304, 3305, 3481, 4049, 4092, 4277, 4340, 4758, 4855, 5460, 55937, 56244, 5696, 5698, 5771, 5869, 629, 6490, 6499, 6601, 6890, 6892, 7054, 7148, 717, 7726, 780, 7916, 7917, 7919, 7936, 8351, 8356, 9656, 10471, 10554, 10665, 10717, 11074, 11118, 112869, 1388, 170679, 170954, 1797, 25801, 260425, 3017, 30834, 3833, 4439, 4795, 5089, 5252, 53347, 534, 54535, 55604, 57176, 57819, 6048, 63940, 63943, 6821, 6941, 696, 6992, 7745, 7918, 7920, 7940, 79969, 80736, 8341, 84164, 8449, 8705, 8859, 8897, 8935, 89870, 9277, 9374	100507679, 10107, 10745, 10786, 110599563, 11120, 114821, 135644, 135656, 150280, 170680, 221527, 259215, 26531, 282890, 29113, 346171, 394263, 401250, 440603, 442184, 442186, 442191, 54665, 55423, 55954, 57827, 58496, 5863, 64288, 64375, 723961, 7718, 7932, 80345, 80352, 80737, 80740, 80741, 80863, 80864, 81696, 81797, 84547, 9278, 9753
GWAS:17	Mean_corpuscular_hemoglobin_concentration_NA_2018	10014, 10019, 10347, 10615, 10767, 11331, 116519, 164656, 1822, 2056, 217, 2193, 2319, 23367, 23410, 2588, 25929, 2639, 2783, 3077, 3312, 335, 337, 345, 353, 3842, 4149, 4286, 4363, 440275, 4602, 4633, 4650, 55692, 5697, 5777, 58477, 6521, 6727, 6830, 7018, 7036, 7037, 716, 7203, 7332, 7343, 81620, 8766, 9212, 9618, 9780, 9839, 9943, 10162, 10260, 10436, 10723, 10906, 124801, 161882, 162417, 22895, 23381, 23387, 2342, 23526, 23568, 26284, 27244, 283450, 284086, 3050, 4357, 5118, 51272, 51412, 51560, 5198, 54878, 55466, 60626, 6388, 6563, 6575, 7263, 79734, 79827, 80011, 80018, 80349, 8315, 8456, 84811, 85409, 863, 8882, 92579, 9337, 94005	100529261, 112770, 113246, 113746, 114926, 117166, 128229, 128368, 131540, 146325, 146852, 147011, 150223, 157848, 160762, 200931, 23316, 256126, 25893, 284266, 285753, 3042, 339669, 343171, 348180, 391104, 391112, 391114, 414152, 51090, 51268, 51312, 51318, 55731, 56006, 56970, 57799, 64577, 64598, 64599, 78995, 79089, 79799, 79957, 80724, 81556, 84283, 84336, 89970, 9091, 92591, 9583, 9703
GWAS:11	Height__female__GIANT_2013	100507436, 1021, 10544, 109, 1431, 1434, 1535, 1593, 176, 1869, 2099, 2120, 2202, 221895, 23047, 23054, 23400, 26052, 2768, 3106, 3107, 389421, 4215, 4691, 4782, 4883, 5069, 51561, 5189, 5324, 5467, 5702, 5795, 5890, 6390, 64151, 64399, 6497, 6640, 6773, 6909, 7042, 7916, 7917, 7919, 8091, 8200, 8365, 84444, 8648, 8835, 8939, 9470, 9584, 974, 10137, 11190, 11325, 128869, 129563, 140823, 153241, 169714, 2036, 23294, 253461, 254251, 26133, 2686, 27148, 3010, 3017, 317772, 3699, 3700, 387103, 4004, 4237, 50619, 51230, 51319, 51460, 51534, 51614, 51654, 54808, 55167, 5523, 55245, 57188, 57211, 57623, 57644, 57695, 57798, 58476, 5913, 6457, 64778, 7005, 7429, 79172, 83658, 84300, 84812, 8738, 8904, 8974, 9054, 9125, 9139, 91768, 9321, 9900, 9924	100526772, 10893, 10903, 114659, 116461, 140873, 140894, 155185, 170691, 195814, 22955, 22979, 255101, 257415, 283375, 317761, 347732, 375346, 401250, 51277, 51282, 54876, 55297, 55719, 55741, 56169, 57169, 5922, 63941, 65094, 6676, 728763, 7629, 7701, 84060, 9654
GWAS:30	Schizophrenia_PGC_2013	10000, 1192, 1385, 1460, 1586, 177, 1806, 22978, 23451, 23564, 27086, 3008, 3009, 3077, 3106, 3108, 3117, 3122, 3123, 3127, 3135, 3305, 3624, 3990, 4521, 4842, 4855, 5330, 53345, 54815, 55626, 55937, 5595, 5610, 57412, 5754, 57591, 5987, 63826, 667, 6722, 6733, 6925, 7407, 7444, 7473, 7517, 7726, 775, 783, 7916, 7917, 79602, 8087, 8356, 8363, 8379, 8662, 9093, 9524, 9776, 10198, 10665, 10806, 11074, 11118, 137492, 23113, 23293, 23301, 23383, 24149, 25791, 25843, 3017, 3104, 3697, 3700, 4439, 5089, 51177, 51384, 51523, 54805, 56658, 57161, 57794, 57819, 6048, 63940, 6568, 7745, 79568, 79585, 80317, 80736, 8329, 8340, 8341, 8347, 8525, 91574, 9892	100529144, 100529241, 10786, 11120, 114821, 119032, 129450, 135656, 2016, 203062, 205327, 222696, 253635, 29886, 29960, 29965, 3344, 344787, 346171, 387032, 389376, 404037, 442191, 51201, 54497, 55501, 57605, 64288, 7718, 7746, 80219, 80345, 80737, 80740, 80864, 81696, 81797, 84138, 84334, 84547, 94026, 9753
GWAS:21	Primary_biliary_cirrhosis_NA_2015	10051, 10410, 10498, 10919, 115352, 1192, 1302, 1394, 1460, 1512, 1656, 177, 199, 2064, 22806, 23274, 23534, 23564, 26135, 3009, 3106, 3108, 3111, 3112, 3113, 3115, 3119, 3122, 3305, 3385, 3425, 3575, 3592, 3593, 3595, 3663, 4049, 4055, 4137, 4758, 4790, 4855, 51755, 5460, 5469, 55876, 56244, 5696, 5698, 572, 5781, 5890, 6015, 6122, 6257, 6499, 6775, 6890, 7132, 7148, 7323, 7407, 7916, 7917, 7936, 8651, 94103, 10554, 10665, 10948, 116028, 1388, 163486, 1797, 23228, 284058, 286827, 29777, 29970, 3017, 3696, 4439, 4664, 51535, 5252, 56983, 57514, 6689, 6941, 7142, 7805, 7918, 7920, 7923, 80736, 8329, 8340, 8341, 8986, 89870, 9374	10861, 110599563, 11120, 124626, 133690, 150159, 170680, 255809, 259215, 283234, 29113, 3338, 401250, 401251, 442191, 55254, 56834, 57560, 57827, 58496, 58530, 78992, 80117, 80737, 80740, 80741, 80863, 84961, 91828, 94026
