gwas_id	Disease	n	Genes
GWAS:9	Schizophrenia_PGC_2013	145	3104, 1806, 51177, 10806, 10000, 54497, 253635, 5610, 3344, 7444, 23301, 2016, 23451, 80219, 100529241, 25843, 205327, 129450, 79568, 1385, 25791, 344787, 3697, 3700, 27086, 8087, 51523, 6568, 10786, 3077, 8347, 3008, 3017, 11118, 11120, 94026, 8340, 8329, 8363, 8341, 3009, 8356, 7718, 80345, 7745, 7746, 387032, 84547, 64288, 80317, 9753, 222696, 114821, 5987, 442191, 81696, 81797, 346171, 3135, 11074, 7726, 56658, 389376, 135656, 3106, 7916, 7917, 55937, 1460, 80740, 23564, 1192, 4439, 80737, 7407, 57819, 3305, 80736, 80864, 6048, 177, 5089, 63940, 4855, 10665, 3122, 3123, 3117, 3108, 5754, 6722, 23113, 24149, 667, 9892, 8379, 29960, 4521, 29886, 8662, 55501, 3624, 6733, 51384, 51201, 137492, 203062, 783, 1586, 119032, 57412, 54805, 22978, 8525, 55626, 9776, 79602, 775, 4842, 57605, 10198, 91574, 57161, 84334, 7517, 5330, 3990, 100529144, 79585, 9093, 29965, 5595, 84138, 23293, 63826, 7473, 6925, 9524, 404037, 53345, 57794, 23383, 54815, 57591, 3127
GWAS:11	Schizophrenia_vs_Bipolar_disorder_PGC_2014	549	9651, 55735, 50651, 473, 127703, 55700, 23334, 81888, 5792, 9682, 1996, 5142, 1806, 51177, 51107, 79630, 9129, 23248, 80222, 55793, 57326, 127579, 9674, 5929, 25778, 4179, 56776, 10806, 10000, 9553, 64080, 23683, 51130, 7444, 55120, 53335, 56603, 94097, 26056, 7840, 55654, 151011, 9839, 1781, 91752, 91526, 23451, 80219, 3329, 100529241, 25843, 130132, 66037, 5334, 23314, 348751, 205327, 129450, 79568, 26010, 1385, 151194, 2066, 79137, 130617, 80309, 26058, 3769, 389084, 25791, 152330, 9779, 7068, 27303, 9881, 54106, 23166, 64943, 440957, 55193, 26354, 55830, 28972, 6787, 3697, 3699, 3700, 389125, 100526772, 375346, 51460, 2272, 80145, 9861, 166336, 27086, 8997, 5523, 55167, 5096, 10274, 53833, 8087, 131118, 1182, 2823, 23379, 348980, 133418, 79993, 57688, 133482, 4124, 51780, 51308, 2107, 3313, 83697, 54882, 404734, 4695, 3550, 3035, 23438, 153527, 56147, 56146, 56145, 56144, 56143, 56142, 56141, 56140, 56135, 5521, 4238, 55568, 9509, 55604, 10050, 6568, 10786, 10246, 10475, 3024, 3006, 3077, 8364, 3010, 8347, 8334, 3008, 3017, 11118, 10385, 11119, 10384, 11120, 696, 10473, 29777, 79692, 8969, 10279, 94026, 346157, 7738, 8340, 8329, 8363, 8341, 3009, 8356, 81697, 7718, 80345, 7745, 7746, 387032, 222698, 84547, 64288, 80317, 9753, 222696, 114821, 5987, 26692, 26707, 442191, 81696, 81797, 26531, 26716, 10537, 346171, 3134, 3135, 3105, 30834, 6992, 80352, 11074, 135644, 10107, 89870, 7726, 56658, 202658, 2794, 23, 79969, 221545, 170954, 11270, 203068, 10211, 780, 2968, 57176, 389376, 135656, 394263, 100507679, 29113, 170679, 170680, 54535, 6941, 5460, 3107, 3106, 4277, 534, 7124, 199, 7916, 7917, 55937, 57827, 7918, 1460, 58496, 259215, 110599563, 80740, 23564, 1192, 4439, 401251, 80737, 7407, 57819, 3305, 3303, 3304, 4758, 80736, 10919, 717, 221527, 7936, 6499, 1797, 8859, 7148, 1388, 63943, 80863, 9374, 80864, 10554, 6048, 177, 5089, 63940, 4855, 10665, 56244, 3122, 3123, 3117, 3119, 3108, 1302, 9277, 10471, 6892, 9278, 1616, 3833, 5252, 8831, 221504, 578, 3710, 117283, 221496, 23113, 24149, 5429, 667, 23469, 346007, 167681, 9892, 389421, 2309, 117247, 10758, 154215, 8379, 221935, 1687, 3624, 83698, 2913, 9988, 79161, 5243, 8910, 6733, 83943, 9162, 64478, 9258, 79660, 4482, 51201, 137492, 23362, 23259, 84513, 54904, 137994, 2260, 4325, 203062, 7010, 152006, 5079, 84186, 158293, 23196, 5253, 9568, 51490, 783, 288, 84159, 26128, 30819, 54838, 1586, 119032, 57412, 54805, 22978, 9118, 9148, 22986, 4925, 8525, 55626, 9776, 392, 79797, 2147, 9793, 4038, 25921, 51075, 280636, 643376, 1500, 2011, 28992, 23130, 5526, 283129, 116071, 54970, 1813, 4900, 23584, 90952, 79684, 399979, 4978, 22997, 83700, 23310, 775, 4665, 64786, 56899, 4842, 6249, 23457, 79676, 51329, 57605, 10198, 91574, 8099, 55206, 387893, 196383, 80212, 144348, 5587, 6252, 22990, 2957, 64919, 4140, 115708, 9529, 3831, 84334, 7517, 79038, 23368, 254531, 5330, 80031, 3990, 3658, 1138, 1136, 1143, 64506, 8120, 57188, 54993, 84942, 4828, 23478, 9640, 57538, 4916, 5045, 2242, 9093, 29965, 54715, 23042, 253982, 253980, 124446, 9344, 8479, 283899, 8448, 83723, 5531, 6911, 79153, 5595, 79918, 23019, 10204, 5699, 6560, 64174, 54920, 4775, 80004, 23659, 9057, 84138, 29123, 27132, 1800, 2175, 7531, 23293, 63826, 388336, 10743, 6720, 146691, 83450, 91647, 79018, 1819, 5598, 162494, 7473, 57521, 6925, 26251, 80148, 148252, 404037, 53345, 57794, 23383, 54815, 51079, 374887, 148113, 80714, 9170, 51291, 9745, 23094, 51070, 5639, 58506, 3661, 83596, 79913, 26051, 3745, 5740, 79144, 9980, 4248, 8911, 2033, 150356, 5905, 23264, 6721, 79019, 55964, 164684, 4668, 150368, 4700, 6942, 23774, 9889, 79087, 79174, 3127, 1132, 283254, 91689, 57502, 80311, 11141, 64219, 2334, 2316, 6134, 1774, 6901
GWAS:40	Educational_attainment_SSGAC_2016	296	576, 991, 112950, 23334, 81888, 5792, 9682, 6487, 9048, 9670, 533, 1600, 5142, 257194, 100526835, 51086, 54810, 50999, 343099, 5906, 55924, 23215, 5287, 10446, 3756, 55758, 7188, 343035, 359948, 6262, 9859, 10806, 9378, 53335, 200734, 3899, 164832, 9486, 55843, 10010, 10213, 1803, 402117, 57624, 116987, 2637, 401036, 23228, 4134, 1294, 440955, 65010, 1951, 51517, 51447, 10425, 55152, 3615, 54870, 3913, 200942, 646498, 339834, 375341, 7375, 2876, 387, 6988, 275, 84276, 1605, 8927, 327, 4485, 63891, 386724, 29925, 9807, 389118, 389119, 7318, 10293, 79012, 4486, 84315, 10180, 10181, 6405, 2779, 8372, 24142, 3373, 27086, 253559, 56987, 152404, 8706, 51068, 8602, 2868, 345222, 6002, 401145, 54790, 27068, 93627, 9255, 55534, 57600, 152940, 2823, 5144, 55789, 79993, 1161, 91942, 643155, 57688, 4208, 90355, 1946, 3781, 6310, 8365, 696, 10473, 1388, 9374, 80864, 10554, 6048, 177, 5089, 55122, 256380, 254394, 79632, 26575, 113263, 83637, 83698, 29990, 29992, 55063, 56257, 221908, 402573, 81628, 222950, 222255, 93986, 60412, 4850, 29942, 23514, 203111, 84955, 50626, 90990, 8928, 84988, 2875, 9401, 9684, 441381, 414919, 4781, 320, 687, 23196, 22927, 8555, 9442, 10659, 57118, 8028, 29982, 221037, 221035, 29119, 55328, 10360, 10724, 30819, 79591, 83401, 5309, 8729, 4791, 5662, 79004, 57412, 54805, 22978, 22986, 7003, 26297, 338645, 143684, 9702, 8898, 55729, 23109, 23468, 5869, 6821, 64375, 6231, 2065, 35, 121665, 144404, 27198, 23457, 79676, 51329, 57605, 10198, 91574, 8099, 55206, 387893, 196383, 27253, 8428, 55147, 10419, 54930, 84962, 60686, 4857, 2100, 7597, 9495, 22890, 55218, 9333, 116179, 80031, 283659, 57722, 10260, 8766, 79631, 28232, 92017, 54700, 1201, 55911, 26471, 112869, 11273, 7284, 25970, 487, 79874, 6299, 1012, 10517, 84961, 5469, 51755, 201176, 9842, 1394, 162540, 4137, 246744, 284058, 4905, 7473, 9570, 29919, 4864, 56853, 83473, 652991, 1630, 93145, 3726, 4784, 10523, 79939, 9441, 57794, 11122, 1434, 6780, 116154, 25825, 8911, 84247, 23654, 9701, 441272, 113655
GWAS:48	Age_at_menarche_ReproGen_2014	142	5792, 9682, 54741, 100526835, 51086, 6258, 89866, 64710, 10000, 114800, 80059, 23314, 51602, 6304, 200942, 646498, 339834, 7375, 2876, 387, 6988, 275, 84276, 1605, 8927, 327, 4485, 389118, 10180, 10181, 9254, 389136, 8545, 55279, 285237, 4045, 8607, 60678, 1981, 1181, 6434, 27306, 6870, 55294, 152940, 134429, 23338, 819, 51307, 51780, 4238, 57451, 89870, 202658, 79897, 202658, 80736, 10817, 100188893, 25862, 9477, 705, 896, 222584, 667, 221336, 26054, 10973, 57531, 389421, 387103, 5796, 80129, 93664, 54927, 64478, 11059, 51115, 23081, 158399, 8019, 56288, 54619, 11101, 65975, 9866, 406, 55327, 627, 51317, 57558, 9846, 79731, 7225, 79864, 390259, 57511, 11278, 317761, 4990, 123099, 283600, 7453, 79446, 57596, 80031, 64799, 5607, 390598, 51704, 124274, 10423, 26470, 253982, 253980, 8479, 79068, 10725, 1728, 28987, 11060, 252983, 8170, 83473, 84064, 51124, 652991, 115704, 5300, 93145, 23373, 7691, 388569, 25799, 55663, 10998, 343578, 51497, 1522, 5594, 90933, 83719
GWAS:49	Age_at_menopause_ReproGen_2015	192	1441, 64121, 26292, 81025, 54933, 8438, 10489, 387338, 2166, 10228, 2052, 9156, 54454, 8884, 51374, 790, 285126, 57159, 4358, 2976, 8890, 9784, 130557, 5496, 29959, 200634, 26160, 64838, 2646, 84226, 84450, 79635, 11321, 22950, 2956, 80204, 3344, 286749, 11036, 3973, 54465, 26003, 9874, 1781, 8604, 254042, 10203, 7035, 92691, 7520, 56852, 79364, 5523, 55167, 10274, 55486, 113510, 51023, 84142, 84803, 11044, 81848, 23367, 23197, 22838, 3101, 51720, 23567, 81853, 221711, 9247, 534, 4795, 4049, 259197, 199, 7916, 7917, 55937, 57827, 7918, 1460, 58496, 7920, 259215, 110599563, 80740, 23564, 1192, 4439, 401251, 80737, 7407, 3305, 3303, 3304, 80736, 10919, 717, 221527, 8859, 7148, 10554, 6048, 177, 222662, 6732, 91749, 9070, 27257, 55636, 3301, 55234, 54906, 2665, 57412, 1488, 120534, 57558, 9846, 79731, 5557, 8630, 144404, 23457, 57605, 10198, 9271, 81550, 4860, 57697, 11261, 11339, 51203, 51103, 23168, 3706, 4058, 11057, 6017, 55215, 5428, 26156, 2935, 608, 51693, 390748, 863, 4927, 84268, 708, 10948, 8557, 93210, 2064, 10493, 8153, 672, 113277, 1820, 4782, 100287226, 148198, 388523, 7644, 84902, 22870, 23640, 84446, 284417, 84787, 284418, 3589, 6158, 204801, 51605, 84515, 54675, 164312, 28231, 11083, 54994, 150274, 11015, 10521, 11144, 646851, 25776, 56993, 9929, 9567, 25777
GWAS:50	Age_at_menarche_ReproGen_2017	781	199990, 23261, 50651, 473, 10277, 7799, 8574, 10236, 80818, 149076, 114784, 200172, 22955, 7075, 4352, 991, 112950, 23334, 81888, 5792, 9682, 6487, 79033, 1600, 115209, 3716, 9829, 3953, 54741, 257194, 100526835, 51086, 105378803, 127254, 1806, 9129, 23248, 4170, 1513, 7170, 388701, 25912, 9898, 103, 55870, 55249, 6258, 4653, 84614, 462, 149041, 9910, 27101, 63931, 60676, 89866, 9213, 3814, 64710, 90806, 26750, 7483, 10000, 52, 129787, 348654, 114818, 109, 51277, 165140, 63892, 678, 2956, 114800, 5194, 9736, 7514, 23177, 5861, 150726, 1961, 80059, 54884, 84173, 822, 11250, 80731, 53353, 55660, 151188, 4929, 2820, 55137, 375298, 4760, 23314, 7341, 51602, 659, 5746, 2066, 9779, 6304, 7068, 55888, 7584, 10675, 6599, 22907, 993, 1294, 440955, 51517, 51447, 5576, 10425, 54681, 55152, 3615, 54870, 5859, 10869, 3913, 64925, 200942, 646498, 339834, 375341, 7375, 2876, 387, 6988, 275, 84276, 1605, 8927, 327, 4485, 63891, 386724, 29925, 9807, 389118, 7318, 10293, 79012, 4486, 84315, 10180, 10181, 6405, 2779, 9254, 51161, 51409, 1154, 7867, 1795, 9730, 23132, 51368, 25886, 80335, 25981, 8314, 23166, 27086, 317649, 389136, 25978, 5449, 8545, 55279, 285237, 56987, 26137, 4045, 8607, 60678, 131034, 55179, 57018, 1981, 131408, 1181, 6434, 2119, 1608, 345222, 5099, 386617, 3490, 91746, 25898, 56916, 27306, 10611, 55024, 6870, 64902, 2690, 7690, 167359, 4724, 375449, 6902, 9522, 153364, 5122, 64839, 814, 134429, 9315, 23338, 51128, 819, 9879, 134553, 84105, 347732, 57113, 26249, 9499, 27039, 51306, 51307, 51780, 51308, 1958, 1495, 51523, 4238, 408263, 8728, 57451, 5917, 6586, 3187, 84830, 54901, 10385, 7746, 387032, 64288, 80317, 222696, 257202, 2880, 114821, 2550, 346171, 3134, 3135, 3105, 202658, 79897, 202658, 170680, 54535, 6941, 5460, 7917, 23564, 1192, 80737, 7407, 80736, 10919, 1388, 3122, 3119, 54887, 57497, 10817, 100188893, 25862, 9477, 705, 896, 5528, 116138, 88745, 51069, 5754, 7021, 22858, 26268, 222584, 667, 221336, 51715, 346007, 26054, 4646, 3617, 134728, 55023, 9892, 375519, 84553, 85015, 59336, 6492, 10973, 57531, 389421, 11149, 64208, 5550, 2309, 154215, 387103, 5796, 79624, 80129, 8379, 29960, 11112, 3624, 2887, 51657, 9863, 219578, 8321, 2792, 64921, 7586, 7551, 9179, 6878, 245812, 389541, 79690, 10734, 79037, 389549, 93664, 168433, 54927, 60412, 5799, 9228, 64478, 9705, 9821, 23471, 65986, 157724, 11059, 51115, 8895, 50807, 51305, 10171, 3717, 11172, 23081, 5789, 4781, 51271, 80036, 2776, 29979, 80318, 84267, 4915, 10912, 158293, 23196, 5253, 58499, 8518, 54942, 8727, 23731, 23732, 54566, 23392, 158399, 22949, 158401, 7357, 347088, 2516, 2649, 169611, 5537, 79109, 25792, 1759, 8019, 105, 57118, 222389, 8505, 221037, 221035, 80312, 2894, 55328, 387707, 54619, 29760, 55719, 84545, 57715, 56652, 84445, 10360, 10724, 30819, 79591, 8861, 23082, 9221, 51684, 119032, 57412, 54805, 22978, 27250, 8036, 150, 6934, 26033, 387712, 340719, 8661, 404636, 2869, 79892, 11196, 11101, 54780, 1488, 51272, 60626, 23410, 5719, 65975, 9866, 6157, 7003, 406, 55553, 10944, 144100, 2620, 627, 81930, 196074, 2488, 120534, 51144, 9409, 120071, 51317, 90993, 8525, 55626, 9776, 392, 9793, 4038, 1643, 8567, 4607, 6688, 91252, 5702, 219539, 10978, 25921, 219541, 1500, 144097, 4296, 399909, 6494, 5970, 254122, 9158, 283209, 1207, 282679, 51773, 28971, 92105, 57558, 9846, 79731, 1740, 58487, 10888, 7225, 3014, 1798, 9854, 25988, 79671, 79849, 283152, 867, 56253, 79864, 390259, 3312, 79827, 775, 55729, 6660, 60488, 144245, 29951, 784, 27289, 85478, 51303, 377, 7480, 23109, 5571, 8085, 84790, 5630, 10024, 338761, 57701, 144233, 23017, 6821, 6231, 2065, 4640, 23316, 6926, 26259, 9761, 121665, 6927, 8638, 80324, 57666, 255967, 23047, 57511, 160851, 11278, 2262, 10150, 8660, 64067, 317761, 4990, 51804, 2530, 55727, 57578, 123099, 283600, 7453, 79446, 57596, 8788, 3714, 256281, 11261, 4130, 25764, 80031, 342035, 302, 79664, 6095, 6642, 79856, 5479, 53944, 9768, 9325, 23060, 4947, 348093, 10260, 8766, 5604, 10302, 6124, 55055, 4088, 79719, 64799, 145853, 5607, 390598, 79834, 10363, 79631, 64506, 8120, 123722, 123720, 9455, 55070, 23042, 123803, 255027, 89927, 4363, 400506, 124152, 51704, 124274, 204474, 4150, 9961, 10423, 26470, 253982, 253980, 124446, 9344, 8479, 283899, 8448, 146378, 83723, 5531, 6911, 79153, 5595, 3683, 9683, 79068, 10725, 1728, 28987, 11060, 55308, 6483, 9100, 63826, 55720, 9135, 4927, 254863, 57555, 146754, 23135, 84316, 125150, 9611, 78995, 92591, 7343, 284071, 4185, 79877, 4836, 113026, 79777, 124790, 51226, 8631, 51096, 10040, 1353, 252983, 3131, 125058, 57521, 22994, 146705, 284184, 124565, 71, 9229, 8715, 9063, 83473, 51224, 84064, 51124, 652991, 4160, 284274, 57455, 83855, 81926, 60680, 23030, 3643, 115704, 5300, 93145, 2639, 256126, 2193, 9244, 55049, 25789, 55295, 23373, 9745, 79047, 27033, 9757, 79713, 199746, 55851, 55957, 126393, 148137, 115703, 4861, 54958, 23211, 10055, 27113, 728, 2524, 284358, 10856, 84787, 388569, 25799, 5126, 55184, 57419, 3642, 140688, 9139, 11264, 128866, 84557, 128869, 23054, 2686, 8200, 343578, 7529, 80336, 4159, 1522, 140685, 4987, 8208, 8624, 54014, 3150, 1476, 8568, 5594, 9647, 8940, 22880, 25777, 10126, 23466, 23492, 63929, 55007, 27127, 26150, 25817, 90933, 84851, 653361, 84163, 375593, 79176, 283254, 83719, 11151, 348174, 171482, 94121, 3547, 347468, 9459, 27316
GWAS:54	Inflammatory_Bowel_Disease_IBDgenetics_2015	294	6339, 81669, 65220, 2782, 163688, 85452, 9341, 11315, 54206, 54546, 23252, 57708, 400757, 149233, 3595, 26135, 1942, 200185, 80128, 4582, 7059, 2629, 10712, 10067, 1196, 57657, 5313, 2224, 55870, 55154, 2212, 23271, 2848, 55765, 23046, 779, 93273, 3586, 8648, 79172, 109, 1788, 2355, 63892, 678, 5966, 150962, 5194, 84542, 9173, 8809, 8807, 389015, 5334, 3579, 10109, 14, 25953, 64114, 55054, 6295, 2859, 666, 5210, 1294, 7384, 440955, 65010, 1951, 51517, 51447, 5576, 10425, 55152, 3615, 54870, 5859, 3913, 200942, 646498, 339834, 375341, 7375, 2876, 387, 6988, 275, 84276, 1605, 8927, 327, 4485, 63891, 386724, 29925, 9807, 389118, 389119, 7318, 10293, 79012, 4486, 84315, 10180, 10181, 6405, 2779, 116984, 132612, 3558, 5562, 6167, 64167, 4012, 1437, 8974, 8572, 6583, 6584, 3659, 80762, 815, 345611, 134510, 3593, 54901, 100507679, 170680, 5460, 3106, 100507436, 4277, 7919, 534, 4795, 4049, 4050, 7940, 259197, 199, 57827, 7918, 4439, 401251, 80737, 57819, 3305, 221527, 7936, 6499, 1797, 8859, 7148, 1388, 63943, 80863, 9374, 80864, 6048, 177, 4855, 56244, 3122, 3123, 3117, 3119, 3120, 3112, 3111, 60468, 5980, 8635, 11116, 54749, 56996, 1811, 1738, 3912, 3717, 11172, 3641, 549, 9966, 26086, 728489, 64170, 6621, 10807, 23203, 56623, 9919, 2625, 1326, 8453, 1390, 219771, 84890, 1959, 57178, 81619, 159296, 79847, 51684, 4925, 374383, 923, 9415, 3992, 283234, 56946, 120892, 3798, 1880, 677, 4088, 116028, 8651, 7142, 1201, 1201, 55911, 246778, 112869, 6799, 6817, 11273, 7284, 25970, 487, 79874, 113, 29117, 85407, 124460, 64127, 1540, 146198, 28987, 5336, 433, 6347, 5409, 93210, 2064, 84299, 124626, 55876, 94103, 100505591, 284110, 9862, 6777, 6776, 6774, 284119, 535, 4669, 5771, 4772, 2879, 22904, 100125288, 112812, 11140, 5141, 53637, 128611, 85441, 26205, 50861, 51750, 8771, 10139, 84619, 54923, 56731, 140685, 7165, 23308, 7332, 150223, 8897, 150280, 6122, 9145, 10454, 400935, 126789, 8764, 4580, 3310, 3127, 728734, 8663
GWAS:55	Crohn_s_Disease_IBDgenetics_2015	237	9341, 8863, 10911, 7398, 85440, 57708, 400757, 149233, 3595, 10717, 1944, 7059, 2629, 10712, 10067, 1196, 57657, 5313, 2224, 55870, 55154, 55249, 6016, 6746, 55765, 1788, 63892, 5966, 150962, 9173, 8809, 8807, 389015, 100529241, 25843, 130132, 66037, 5334, 11262, 55054, 6295, 1951, 51517, 51447, 54870, 5859, 339834, 375341, 7375, 2876, 387, 6988, 275, 84276, 1605, 8927, 327, 4485, 63891, 386724, 29925, 9807, 389118, 7318, 10293, 79012, 4486, 84315, 10180, 10181, 6405, 91869, 55669, 5734, 23548, 5562, 6167, 64167, 4012, 1437, 8974, 8572, 6583, 6584, 3659, 80762, 85027, 345611, 91975, 134510, 3593, 54901, 100507679, 170679, 170680, 3107, 3106, 100507436, 4277, 401250, 7919, 534, 4795, 4049, 7124, 7940, 259197, 199, 7916, 7917, 55937, 57827, 7918, 1460, 7920, 259215, 110599563, 1192, 4439, 401251, 80737, 7407, 57819, 717, 629, 7936, 6499, 1797, 8859, 7148, 1388, 63943, 9374, 177, 63940, 4855, 3117, 3118, 3112, 3111, 60468, 84870, 84624, 8635, 11116, 114926, 3717, 11172, 3641, 9966, 26086, 728489, 64170, 6621, 10807, 23203, 56623, 9919, 1326, 8453, 1390, 253430, 55847, 84890, 1959, 57178, 159296, 746, 9415, 3992, 5331, 572, 56834, 25824, 283234, 4055, 120892, 11215, 677, 161725, 4088, 8651, 1201, 1201, 55911, 246778, 112869, 6799, 6817, 11273, 7284, 25970, 487, 79874, 113, 29117, 85407, 124460, 64127, 1540, 6347, 6356, 2064, 124626, 55876, 284110, 6777, 6776, 6774, 284119, 6198, 5771, 2879, 22904, 100125288, 112812, 11140, 5141, 53637, 2524, 55612, 85441, 26205, 50861, 51750, 8771, 10139, 84619, 54923, 56731, 7332, 150223, 8897, 150280, 6122, 9145, 728734
GWAS:56	Ulcerative_Colitis_IBDgenetics_2015	189	6339, 127281, 79258, 100287898, 11315, 54206, 54546, 23252, 30814, 127550, 400757, 149233, 3595, 26135, 2212, 23271, 55765, 23046, 779, 3586, 5966, 150962, 5194, 84542, 3579, 10109, 14, 25953, 64114, 2859, 440955, 65010, 1951, 51517, 51447, 3615, 54870, 200942, 646498, 339834, 375341, 7375, 2876, 387, 6988, 275, 84276, 1605, 8927, 327, 4485, 63891, 386724, 29925, 9807, 389118, 7318, 10293, 79012, 4486, 84315, 10180, 10181, 6405, 2779, 51460, 613212, 815, 257202, 79969, 221545, 100507679, 170679, 1041, 170680, 54535, 6941, 5460, 3106, 4277, 7919, 534, 4795, 4049, 7124, 4050, 7940, 259197, 199, 7917, 57827, 7918, 4439, 401251, 80737, 7407, 3305, 3303, 3304, 10919, 717, 221527, 629, 7936, 6499, 1797, 8859, 7148, 1388, 63943, 80863, 9374, 80864, 10554, 6048, 177, 5089, 63940, 4855, 56244, 3122, 3123, 3117, 3119, 3117, 3118, 3112, 3108, 3115, 155185, 2768, 3207, 2128, 54749, 402682, 1811, 1738, 3912, 3663, 23534, 6867, 3717, 11172, 3641, 29126, 9966, 728489, 64170, 6621, 10807, 23203, 56623, 9919, 8453, 1390, 159296, 79847, 51684, 4046, 84441, 25996, 54827, 9746, 3798, 5595, 3683, 29117, 146198, 28987, 2064, 84299, 124626, 55876, 94103, 284110, 9862, 6774, 26205, 50861, 51750, 8771, 10139, 84619, 54923, 56731, 400935, 8764, 3310, 3127
GWAS:77	Height_GIANT_2010	350	5590, 6497, 9563, 9696, 4237, 23400, 6390, 11240, 7798, 79727, 200172, 22955, 388650, 1301, 9900, 10903, 57216, 26052, 3915, 23127, 116461, 7042, 339500, 116841, 65094, 388931, 80304, 8648, 79172, 109, 51277, 22979, 1788, 5495, 79823, 285051, 2202, 9451, 51602, 7429, 57695, 9125, 84812, 7701, 617, 27148, 9654, 1593, 255101, 3549, 79840, 151295, 4691, 4880, 129563, 9470, 728763, 9855, 9686, 3697, 3699, 3700, 389125, 100526772, 375346, 51460, 285331, 23272, 23429, 26137, 5523, 55167, 10274, 253461, 5922, 51319, 64778, 2693, 92305, 54876, 64151, 254251, 5393, 55212, 64399, 10393, 6059, 54726, 4883, 153129, 3842, 153241, 8974, 8572, 6583, 6584, 84105, 347732, 2264, 9945, 3400, 3024, 3006, 3077, 8364, 3010, 8347, 8334, 3017, 8351, 8365, 29777, 282890, 442184, 442186, 135656, 100507679, 170680, 54535, 6941, 3107, 3106, 100507436, 4277, 401250, 7919, 534, 4795, 4049, 7940, 259197, 199, 7916, 7917, 55937, 1460, 1192, 4439, 3305, 80736, 10919, 717, 7936, 6499, 1797, 8859, 7148, 1388, 80863, 9374, 80864, 177, 3123, 3710, 84300, 117283, 4295, 3159, 221491, 6204, 64771, 23294, 222663, 7629, 50619, 5467, 7005, 4646, 594, 389421, 285755, 64780, 9841, 387103, 51534, 57211, 2099, 56995, 155185, 2768, 3696, 221895, 57798, 30816, 5189, 84060, 257415, 1021, 3757, 4846, 5324, 195814, 9760, 4856, 5168, 56169, 57623, 4882, 26206, 401541, 4958, 54829, 1842, 89846, 5727, 11046, 195828, 22927, 8555, 58499, 5069, 8939, 169714, 728489, 64170, 10807, 56623, 10105, 1369, 51684, 7003, 4925, 6688, 5702, 5913, 10658, 23788, 5795, 2346, 823, 29984, 1656, 2120, 5139, 55297, 283375, 283373, 1431, 9924, 51561, 6773, 319, 8091, 8835, 8738, 55332, 605, 57605, 10198, 91574, 8099, 55206, 144347, 10443, 23047, 4738, 196883, 4776, 23034, 317761, 5890, 9321, 4058, 7090, 4016, 6457, 57188, 176, 170691, 79006, 65990, 84264, 64428, 7249, 57524, 64223, 283871, 1877, 1775, 348180, 9780, 3768, 124930, 23512, 114659, 113026, 124790, 65264, 11267, 2695, 22834, 6909, 10238, 4215, 92335, 57003, 11325, 974, 91768, 85019, 54808, 84444, 4782, 3643, 593, 56915, 374907, 55101, 51654, 6640, 9139, 63941, 1869, 11264, 84905, 83658, 84557, 128869, 23054, 58476, 2686, 55902, 57644, 26133, 55741, 10544, 10893, 3692, 128876, 55245, 8200, 11190, 140873, 51614, 6676, 8904, 10137, 9054, 140823, 9584, 51230, 51282, 140894, 2036, 25980, 10564, 1434, 55661, 57169, 8224
GWAS:79	Extreme_Height_GIANT_2013	123	9563, 4237, 23400, 6390, 3352, 25932, 22955, 9900, 10903, 26052, 8648, 109, 22979, 2202, 9451, 389058, 9654, 4691, 91869, 23429, 253461, 5922, 51319, 64778, 2693, 54876, 64151, 254251, 64399, 153241, 8974, 6583, 6584, 347732, 644994, 8364, 3010, 8365, 3107, 3106, 100507436, 199, 7916, 7917, 10919, 717, 8859, 7148, 1388, 64771, 389421, 387103, 57211, 155185, 2768, 10643, 57798, 30816, 84060, 257415, 1021, 11046, 195828, 22927, 8555, 5069, 6688, 5702, 5913, 5795, 2120, 55297, 8091, 8835, 8738, 10443, 23047, 4776, 5890, 4016, 57188, 176, 170691, 65990, 84264, 64428, 9780, 3487, 10238, 4215, 11325, 974, 91768, 84444, 4782, 51654, 6640, 63941, 1869, 11264, 84905, 2686, 57644, 26133, 55741, 10544, 10893, 128876, 55245, 8200, 11190, 140873, 51614, 6676, 8904, 10137, 9054, 9584, 51230, 51282, 140894, 2036, 1434
GWAS:80	Height__male__GIANT_2013	118	4237, 6390, 1301, 26052, 116461, 7042, 8648, 79823, 2202, 255101, 79840, 151295, 129563, 26137, 253461, 5922, 64778, 54876, 64151, 254251, 890, 55212, 64399, 6059, 54726, 4883, 153129, 8974, 6583, 6584, 3010, 3017, 8365, 170680, 54535, 6941, 3107, 3106, 100507436, 401250, 7919, 4795, 199, 7916, 7917, 10919, 7148, 3710, 64771, 5467, 389421, 387103, 57211, 155185, 2768, 221895, 1021, 3757, 57623, 11046, 195828, 22927, 8555, 169714, 728489, 64170, 7003, 29984, 2120, 8091, 8835, 8738, 57605, 10198, 8099, 196883, 4776, 5890, 9321, 4016, 57188, 176, 170691, 10238, 4215, 11325, 974, 91768, 54808, 593, 56915, 374907, 55101, 1869, 11264, 83658, 128869, 23054, 58476, 2686, 55741, 10544, 10893, 55245, 8200, 11190, 140873, 51614, 6676, 8904, 10137, 9054, 140823, 9584, 51230, 51282, 140894, 2036
GWAS:81	Height__female__GIANT_2013	151	6497, 4237, 23400, 6390, 22955, 317772, 9900, 10903, 26052, 116461, 7042, 65094, 8648, 79172, 109, 51277, 22979, 2202, 7429, 57695, 9125, 84812, 7701, 27148, 9654, 1593, 255101, 4691, 129563, 9470, 728763, 3699, 3700, 100526772, 375346, 51460, 5523, 55167, 253461, 5922, 51319, 64778, 54876, 64151, 254251, 64399, 4883, 153241, 8974, 347732, 3010, 3017, 8365, 3107, 3106, 100507436, 401250, 7919, 7916, 7917, 84300, 23294, 7629, 50619, 5467, 7005, 389421, 387103, 51534, 57211, 2099, 155185, 2768, 221895, 57798, 5189, 84060, 257415, 1021, 5324, 195814, 56169, 57623, 5069, 8939, 169714, 55719, 4004, 5702, 5913, 5795, 2120, 55297, 283375, 1431, 9924, 51561, 6773, 8091, 8835, 8738, 23047, 317761, 5890, 9321, 6457, 57188, 176, 170691, 1535, 114659, 6909, 4215, 11325, 974, 91768, 54808, 84444, 4782, 51654, 6640, 9139, 63941, 1869, 83658, 128869, 23054, 58476, 2686, 57644, 26133, 55741, 10544, 10893, 55245, 8200, 11190, 140873, 51614, 6676, 8904, 10137, 9054, 140823, 9584, 51230, 51282, 140894, 2036, 1434, 57169
GWAS:82	Height_GIANT_2014	1706	5590, 199990, 6497, 79906, 63976, 9563, 10747, 5394, 2475, 10218, 9696, 4237, 23400, 6390, 11240, 832, 440574, 978, 1889, 646262, 23028, 7798, 3352, 10236, 80818, 25932, 23585, 2134, 84676, 149420, 10256, 378807, 79727, 3151, 6195, 6548, 7802, 149175, 127687, 4520, 3633, 1298, 200172, 22955, 59269, 25974, 5052, 10327, 4678, 149483, 60313, 51249, 3652, 23139, 8503, 6491, 51727, 2301, 2306, 11124, 1031, 148979, 57708, 23169, 26289, 54810, 23576, 255631, 5586, 2959, 56267, 494115, 388649, 11146, 79871, 2672, 7813, 6125, 388650, 1301, 1952, 7482, 54879, 829, 4343, 389, 333926, 54834, 10885, 6913, 10352, 2330, 9557, 317772, 9900, 10903, 81611, 55793, 58497, 6944, 8394, 5710, 57592, 5298, 5993, 126637, 149499, 9826, 1314, 57216, 5396, 26052, 5279, 92346, 64326, 3915, 3918, 23179, 23127, 116461, 100381270, 5208, 9926, 51514, 5784, 55105, 128153, 7042, 29097, 80232, 56997, 339500, 116841, 65094, 339501, 51742, 10806, 26751, 285016, 7837, 6868, 8462, 192668, 130497, 130502, 57539, 4148, 9741, 114818, 54454, 165324, 388931, 80304, 2281, 51639, 375190, 9540, 375189, 8648, 79172, 109, 51277, 22979, 5443, 1788, 2976, 5496, 200634, 26160, 64838, 2646, 9577, 2355, 4052, 51232, 9637, 25797, 10602, 27436, 170850, 63892, 5495, 6519, 9581, 79823, 90423, 23433, 9419, 9655, 285051, 6711, 400954, 57142, 87178, 2202, 116143, 5534, 5093, 400961, 27332, 8291, 84913, 200523, 9451, 22934, 9648, 3987, 55289, 10018, 10096, 2736, 9394, 80122, 22930, 84083, 23518, 23190, 4175, 9839, 100526664, 4065, 55137, 115677, 57405, 26003, 9874, 79828, 79901, 6670, 50940, 129831, 5136, 4664, 2744, 6772, 5334, 7341, 51602, 2066, 285180, 3579, 10109, 151306, 25953, 64114, 375307, 6556, 58190, 7429, 57695, 9125, 84812, 7701, 617, 64320, 27148, 9654, 1593, 255101, 3549, 79840, 151295, 27013, 79137, 79411, 5798, 23704, 5270, 93010, 4691, 10316, 5147, 64708, 4880, 129563, 248, 9427, 646960, 9470, 26058, 389084, 1293, 547, 189, 79919, 728763, 3069, 4735, 9855, 10494, 666, 3708, 84818, 78987, 9686, 100129480, 23609, 5894, 79885, 7068, 10217, 50853, 5333, 1499, 4634, 10869, 3373, 9254, 51161, 51409, 1154, 7867, 1795, 9730, 23132, 51368, 54106, 11344, 132160, 51533, 56920, 23166, 64943, 440957, 55193, 26354, 55830, 28972, 6787, 3697, 3699, 3700, 389125, 100526772, 375346, 51460, 91869, 7474, 285331, 23272, 50650, 201625, 201626, 378, 201627, 2317, 5793, 27086, 23429, 253559, 10402, 131566, 1295, 214, 91653, 26137, 22820, 56941, 8971, 23129, 25847, 80254, 2047, 339855, 5523, 55167, 5096, 10274, 53833, 253461, 5922, 483, 5357, 7220, 57018, 79674, 51319, 2122, 64778, 2693, 8743, 54800, 55689, 79929, 55486, 1981, 131408, 9175, 200879, 6434, 344892, 604, 344901, 152137, 152877, 7884, 92305, 10460, 353497, 79441, 10608, 6002, 3083, 54360, 93624, 80273, 60312, 27201, 8532, 27146, 54876, 64151, 254251, 51274, 80008, 51088, 57728, 5981, 55728, 22998, 326340, 285527, 54940, 80157, 23142, 55858, 9575, 132954, 5978, 84273, 23284, 8671, 9508, 5593, 153020, 3184, 4299, 1758, 64116, 4790, 54790, 27068, 79642, 5393, 890, 55212, 7222, 2247, 11162, 166378, 1998, 2549, 2994, 64399, 10393, 6059, 54726, 152485, 345062, 80014, 100132463, 29102, 55322, 4883, 167127, 6502, 25836, 65250, 9631, 55100, 735, 1601, 2690, 100129792, 6414, 3001, 166979, 153129, 4214, 133383, 166968, 5144, 11174, 5295, 3842, 8546, 167555, 4437, 5924, 84059, 5122, 353189, 2241, 9315, 324, 153241, 1456, 6558, 2201, 171019, 100127206, 90624, 56990, 1437, 8974, 8572, 6583, 6584, 3659, 11127, 23338, 51128, 819, 9879, 79770, 84105, 347732, 5307, 51523, 2246, 1879, 6586, 8817, 644994, 23291, 153222, 51720, 2264, 10636, 345456, 345462, 30832, 9509, 8878, 51149, 9945, 2762, 6239, 6745, 654, 51439, 9972, 255488, 3400, 10590, 10050, 6568, 10786, 10246, 10475, 3024, 3006, 3077, 8364, 3010, 8347, 8334, 3008, 3017, 8351, 8365, 10385, 11120, 696, 10473, 29777, 79692, 8970, 85236, 94026, 8356, 7718, 7746, 387032, 257202, 2880, 114821, 5987, 282890, 26692, 442184, 442186, 26707, 442191, 81696, 81797, 26531, 2550, 3134, 11074, 135644, 10107, 89870, 7726, 56658, 202658, 79897, 202658, 5514, 170954, 57176, 389376, 135656, 100507679, 29113, 170679, 1041, 170680, 54535, 6941, 5460, 3107, 3106, 100507436, 4277, 401250, 7919, 534, 4795, 4049, 7124, 7940, 259197, 199, 7916, 7917, 55937, 57827, 7918, 1460, 58496, 7920, 80740, 23564, 1192, 4439, 80737, 7407, 3305, 4758, 80736, 10919, 717, 221527, 629, 7936, 6499, 1797, 8859, 7148, 1388, 80863, 9374, 80864, 10554, 6048, 177, 5089, 63940, 4855, 10665, 56244, 3122, 3123, 3117, 3119, 3117, 3118, 3120, 3112, 3710, 84300, 117283, 221496, 4295, 2914, 3159, 221491, 11165, 100529239, 6204, 29993, 25803, 64771, 6631, 54887, 23294, 6954, 222663, 7629, 50619, 5467, 2178, 7005, 7287, 2289, 221481, 389383, 340204, 1208, 116369, 1432, 5603, 27154, 285848, 57699, 10817, 25862, 9477, 705, 896, 5754, 10864, 401262, 24149, 89845, 8464, 860, 23607, 222611, 221393, 114327, 9697, 26036, 51715, 1303, 27145, 26054, 4646, 7272, 594, 55603, 9096, 389421, 2309, 8763, 285755, 6610, 64780, 9841, 221264, 9896, 2444, 221294, 1300, 29940, 441168, 57120, 285761, 23493, 135112, 387103, 2037, 8417, 2070, 4829, 100126572, 51534, 57211, 3097, 7957, 84085, 257218, 23328, 10090, 2099, 4988, 51106, 49861, 56995, 6581, 10846, 155185, 2768, 113263, 3382, 85477, 2115, 9734, 256130, 3696, 10643, 29896, 90693, 221895, 9586, 23080, 25948, 11328, 6424, 2887, 23242, 346288, 349075, 2631, 51373, 26053, 5782, 222194, 57157, 5244, 5243, 10142, 57798, 30816, 5189, 84060, 257415, 1021, 7036, 51412, 43, 1523, 79974, 813, 611, 54927, 800, 4850, 23165, 647087, 26266, 64764, 80853, 9601, 26, 3757, 4846, 6604, 64478, 10395, 203069, 4017, 51312, 10863, 80005, 2796, 54793, 157313, 51435, 11030, 4067, 6224, 4342, 5324, 195814, 5179, 9760, 64168, 7227, 4856, 5168, 7373, 56169, 51571, 50807, 7038, 57623, 57210, 286128, 5339, 84875, 2907, 375686, 727957, 10171, 115426, 54796, 92949, 79817, 57704, 9827, 692094, 4882, 26206, 51754, 5125, 80318, 55582, 84267, 3190, 80010, 81689, 79670, 4920, 3376, 55035, 401541, 4969, 4958, 54829, 1842, 64768, 23299, 89846, 84270, 65268, 169841, 84909, 5727, 11046, 195828, 22927, 8555, 7111, 1306, 83856, 2218, 58499, 1902, 158399, 114991, 85301, 3371, 5069, 23245, 22954, 1955, 4702, 1759, 8939, 5900, 8019, 6256, 169714, 26086, 728489, 64170, 6621, 10807, 23203, 56623, 9919, 1645, 8644, 83643, 5305, 55130, 5592, 220963, 288, 221035, 84665, 220202, 64081, 3189, 55680, 1763, 8034, 80312, 9231, 57178, 10105, 219654, 11155, 657, 55328, 84333, 387707, 54619, 23268, 1369, 55719, 84545, 57715, 84445, 79847, 10121, 51684, 81603, 403, 118980, 54838, 1586, 57412, 54805, 22978, 9644, 79991, 10935, 2869, 59338, 64077, 9679, 23172, 1488, 92565, 23410, 5719, 6150, 107987373, 3481, 723961, 3784, 117854, 4004, 7003, 406, 22800, 5682, 5140, 55553, 6207, 5286, 4925, 144108, 120534, 744, 9409, 120071, 51317, 1643, 53, 10062, 8567, 4607, 6688, 91252, 5702, 5913, 10658, 4722, 23788, 79841, 23360, 23279, 5795, 79346, 2346, 81327, 81309, 390148, 219447, 81168, 282775, 219464, 390154, 219477, 390162, 219487, 390167, 187, 85456, 25921, 51075, 1500, 9415, 402, 29907, 113130, 387778, 823, 23649, 10435, 5977, 220359, 5017, 1521, 9158, 9092, 8722, 5091, 29984, 4041, 219931, 26579, 55107, 25884, 254225, 143570, 10825, 871, 56946, 220388, 54843, 23187, 11181, 1656, 1798, 9854, 25988, 64137, 79671, 23365, 79864, 390259, 2313, 283358, 894, 2120, 79370, 4040, 1027, 121504, 55766, 51729, 440087, 5139, 53919, 10599, 6579, 6660, 55297, 55711, 51290, 196528, 9169, 81539, 54407, 55089, 23371, 84975, 121340, 283375, 283373, 1431, 9924, 51561, 6773, 319, 4640, 4665, 115557, 65012, 2583, 10956, 116986, 6302, 1019, 1594, 4234, 25895, 10102, 10677, 10106, 338811, 8091, 84298, 51643, 10818, 10576, 144455, 28977, 8835, 8738, 50511, 55332, 51019, 55010, 3479, 6996, 83468, 55188, 90488, 80298, 23389, 26259, 6175, 121665, 605, 22877, 254050, 56616, 65082, 6249, 9735, 23457, 57605, 10198, 91574, 8099, 55206, 387893, 10959, 1967, 196385, 144347, 9612, 6541, 90634, 10443, 23047, 90627, 57511, 23143, 84650, 3839, 57213, 10206, 283518, 220107, 1910, 643677, 8881, 65110, 283489, 57096, 56339, 100507650, 57594, 90673, 599, 8106, 51310, 4901, 100528064, 4738, 51292, 161424, 27141, 1241, 196883, 11035, 4776, 89874, 23034, 3895, 23002, 64582, 112849, 51528, 317761, 4990, 4331, 5583, 23224, 2100, 100529261, 2342, 100529261, 4149, 5890, 64093, 89932, 8650, 399671, 646658, 4053, 27030, 97, 79696, 91754, 10972, 10516, 9321, 161176, 55778, 51550, 9895, 4140, 115708, 7517, 11261, 11339, 51203, 51103, 23168, 3706, 4058, 2200, 9101, 373509, 23431, 388121, 1588, 6095, 145741, 4091, 4088, 7090, 4649, 123228, 196996, 5315, 56965, 60677, 161514, 4016, 9399, 5371, 3671, 64220, 54939, 79661, 4123, 25942, 5780, 55272, 9051, 10099, 6457, 57188, 54993, 84942, 4828, 23478, 9640, 57538, 5151, 11214, 64410, 176, 145864, 4240, 11057, 6017, 55215, 5428, 374655, 8826, 91433, 145814, 170691, 22856, 9091, 57799, 117166, 197335, 84219, 146330, 79006, 65990, 124093, 84264, 64428, 64788, 30812, 9351, 4913, 7249, 5310, 25837, 57524, 64223, 283870, 283871, 1877, 1775, 1632, 21, 899, 80178, 84891, 7755, 7760, 1387, 115, 440335, 79641, 84656, 29855, 5493, 7874, 146279, 23042, 123803, 54700, 6296, 116285, 55623, 112479, 81691, 123879, 57149, 253982, 253980, 124446, 9344, 8479, 8448, 64282, 64400, 25894, 146212, 55282, 51673, 29800, 3291, 9114, 79567, 146206, 81577, 80152, 5699, 3931, 6560, 10725, 28987, 11060, 91862, 23035, 164, 342371, 9798, 55565, 10428, 124491, 10143, 51741, 80790, 10200, 83716, 100506581, 79791, 81631, 23174, 1535, 348180, 9780, 6687, 55275, 201243, 1140, 57659, 643664, 8742, 407977, 8741, 6462, 7157, 1949, 84316, 124637, 1107, 84667, 5187, 84314, 54785, 9212, 399512, 29098, 7566, 6416, 55090, 3768, 26118, 116236, 90313, 28964, 124930, 84940, 85464, 55803, 4763, 4974, 84440, 55352, 55813, 23512, 114659, 55288, 9349, 7153, 3487, 535, 3292, 80347, 6945, 29893, 162427, 7283, 27175, 2826, 8506, 2145, 10266, 284071, 124808, 80174, 4185, 146909, 79877, 4836, 113026, 79777, 124790, 9842, 7473, 124989, 9520, 3837, 55163, 79170, 51226, 4779, 10951, 29916, 8631, 3213, 284076, 516, 65264, 11267, 2695, 10642, 124872, 22834, 4831, 654364, 54799, 162282, 339210, 8526, 54828, 6909, 9496, 81033, 10238, 4215, 92335, 57003, 11325, 5705, 6603, 1444, 974, 6329, 3384, 55852, 8313, 5578, 22901, 9120, 5608, 2885, 9489, 9267, 57602, 7077, 100653515, 23347, 81929, 55125, 80000, 114799, 171586, 57534, 91768, 85019, 8780, 6760, 143471, 201501, 9811, 54808, 4772, 113177, 84444, 4782, 284422, 1938, 5605, 3643, 81794, 1786, 84971, 65095, 57153, 3609, 7568, 55723, 27151, 4650, 83483, 93343, 27106, 1463, 404037, 53345, 57794, 23383, 54815, 83983, 51079, 374887, 148113, 51291, 57130, 94039, 9745, 27033, 9757, 374900, 147923, 199704, 163255, 51276, 22835, 83889, 23094, 641649, 593, 56915, 374907, 55101, 478, 2901, 5452, 162989, 2931, 2077, 23152, 5050, 284338, 284339, 1954, 84518, 653583, 7515, 390940, 126298, 346, 344, 1209, 388553, 147912, 1760, 1762, 81492, 3171, 25943, 5111, 3642, 955, 598, 22974, 85366, 51654, 6640, 9139, 63941, 1869, 11264, 84905, 83658, 84557, 128869, 23054, 58476, 2686, 55902, 57644, 26133, 55741, 10544, 10893, 3692, 128876, 55245, 8200, 11190, 140873, 51614, 6676, 8904, 10137, 9054, 140823, 9584, 51230, 51282, 140894, 2036, 25980, 140711, 25939, 5933, 6185, 3929, 7529, 80336, 10564, 1434, 6780, 55661, 57169, 6615, 5770, 2778, 6227, 81928, 7074, 6647, 57466, 3772, 2078, 7327, 1291, 1292, 7332, 150223, 8224, 8398, 23466, 23492, 9145, 10454, 4248, 54471, 80274, 54754, 403253, 81328, 1474, 116115, 119749
GWAS:84	Rheumatoid_Arthritis_NA_2010	157	260425, 10745, 54665, 26191, 79722, 26212, 387032, 84547, 80317, 114821, 442191, 81797, 2550, 4340, 346171, 3134, 3135, 3105, 30834, 6992, 80352, 11074, 135644, 10107, 89870, 7726, 56658, 202658, 79897, 202658, 2794, 80742, 23, 5514, 79969, 8449, 11270, 9656, 10211, 8870, 780, 2968, 57176, 389376, 135656, 394263, 100507679, 29113, 170679, 1041, 170680, 54535, 6941, 5460, 3107, 3106, 100507436, 4277, 401250, 7919, 534, 4795, 4049, 7124, 4050, 7940, 259197, 199, 7916, 7917, 55937, 57827, 7918, 1460, 58496, 80741, 7920, 259215, 110599563, 58530, 110599563, 80740, 23564, 1192, 4439, 401251, 80737, 7407, 57819, 3305, 3303, 3304, 4758, 80736, 10919, 717, 221527, 629, 7936, 6499, 1797, 8859, 7148, 1388, 63943, 80863, 9374, 80864, 10554, 6048, 177, 5089, 63940, 4855, 10665, 56244, 3122, 3123, 3117, 3119, 3117, 3118, 3120, 3112, 5696, 5698, 6890, 3109, 3108, 3111, 3113, 3115, 1302, 6257, 7922, 7923, 6015, 6293, 6222, 8705, 9277, 10471, 5863, 6892, 9278, 1616, 5252, 51596, 8831, 221504, 578, 3710, 84300, 117283, 221496, 4295, 958
GWAS:330	Type_1_Diabetes_NA_2009	161	260425, 10745, 54665, 26191, 440603, 10717, 25801, 55604, 10786, 3017, 8351, 3007, 11118, 11120, 696, 8341, 3009, 8356, 7718, 80345, 7745, 84547, 64288, 9753, 114821, 282890, 442184, 442186, 442191, 81696, 81797, 26531, 2550, 7932, 4340, 346171, 3134, 30834, 6992, 80352, 11074, 135644, 10107, 89870, 7726, 23, 79969, 8449, 170954, 9656, 203068, 10211, 780, 57176, 135656, 394263, 100507679, 29113, 170679, 1041, 170680, 54535, 6941, 5460, 3107, 3106, 100507436, 4277, 401250, 7919, 534, 4795, 4049, 7940, 199, 7916, 7917, 55937, 57827, 7918, 58496, 80741, 7920, 259215, 110599563, 80740, 4439, 80737, 57819, 3305, 3304, 4758, 80736, 717, 221527, 629, 7936, 6499, 1797, 8859, 7148, 1388, 63943, 80863, 9374, 80864, 10554, 6048, 177, 5089, 63940, 4855, 10665, 56244, 3122, 3119, 3117, 3118, 3120, 3112, 5696, 5698, 6890, 3109, 3108, 3111, 3113, 3115, 1302, 8705, 9277, 10471, 5863, 6892, 9278, 1616, 3833, 5252, 8935, 3481, 723961, 7054, 6490, 5869, 6821, 64375, 2065, 23344, 6601, 10019, 23274, 112869, 5771, 4092, 10666, 55423, 53347, 55954, 84164, 8897, 150280
GWAS:371	Crohn_s_Disease_IBDgenetics_2010	187	9341, 8863, 10911, 400757, 149233, 4582, 2629, 10712, 10067, 1196, 57657, 5313, 2224, 55870, 55154, 55249, 7818, 23208, 6016, 9181, 6746, 51744, 23046, 1788, 63892, 5966, 150962, 5194, 9173, 8809, 8807, 389015, 130132, 66037, 5334, 11262, 55054, 6295, 8527, 51517, 51447, 3615, 375341, 7375, 2876, 387, 6988, 275, 84276, 1605, 8927, 327, 4485, 63891, 386724, 29925, 9807, 389118, 389119, 7318, 10293, 79012, 4486, 84315, 10180, 10181, 91869, 152831, 6133, 23548, 5562, 64167, 4012, 8974, 8572, 6583, 6584, 3659, 80762, 345611, 91975, 3593, 54901, 3135, 780, 2968, 3107, 4277, 401250, 7919, 534, 4795, 4049, 7124, 7940, 259197, 717, 629, 7936, 6499, 7148, 1388, 4855, 3117, 3118, 3112, 3111, 60468, 84624, 8635, 11116, 27241, 6575, 3717, 11172, 3641, 9966, 728489, 64170, 6621, 10807, 23203, 56623, 9919, 8453, 1390, 170370, 170371, 253430, 55847, 1959, 159296, 55553, 745, 746, 9415, 3992, 5331, 572, 56834, 120892, 160857, 144811, 677, 8477, 161725, 10125, 4088, 1201, 1201, 26471, 112869, 6817, 11273, 7284, 25970, 487, 79874, 113, 29117, 85407, 64127, 1540, 6347, 124626, 55876, 94103, 6774, 284119, 5771, 22904, 11140, 2524, 10616, 55612, 140733, 26205, 51750, 8771, 10139, 84619, 140685, 7332, 150223, 8897, 150280, 6122
GWAS:372	Ulcerative_colitis_IBDgenetics_2011	155	643988, 728661, 79258, 100287898, 388591, 54546, 23252, 30814, 127550, 400757, 149233, 338324, 2212, 2213, 23271, 55765, 23046, 779, 9261, 5966, 150962, 5194, 84542, 3579, 10109, 2859, 64090, 440955, 65010, 1951, 51517, 51447, 3615, 646498, 375341, 7375, 2876, 387, 6988, 275, 84276, 1605, 8927, 327, 4485, 63891, 9807, 389118, 389119, 7318, 10293, 79012, 4486, 84315, 10180, 10181, 6405, 2779, 27086, 11076, 1611, 613212, 29930, 815, 135644, 10107, 170679, 6941, 4277, 534, 4795, 3305, 7936, 6499, 1797, 8859, 7148, 1388, 63943, 80863, 9374, 80864, 10554, 6048, 177, 5089, 63940, 4855, 56244, 3122, 3123, 3117, 3119, 3112, 3109, 85021, 155185, 2768, 5879, 402682, 43, 1811, 1738, 3912, 3663, 23534, 6867, 3717, 11172, 3641, 9966, 26086, 728489, 64170, 6621, 10807, 23203, 56654, 25920, 8453, 1390, 159296, 79847, 10121, 51684, 4046, 4246, 84441, 25996, 120400, 54827, 2026, 1822, 83729, 28984, 51077, 51333, 146198, 1504, 10428, 124491, 5409, 2064, 22806, 124626, 55876, 94103, 6774, 26205, 51750, 8771, 10139, 84619, 7477, 400935
GWAS:375	Rheumatoid_Arthritis_NA_2014	209	55229, 127281, 11240, 23569, 200734, 55604, 10590, 221613, 255626, 10050, 10786, 10246, 10475, 3024, 3006, 3077, 8334, 3017, 8365, 10385, 11119, 10384, 11120, 29777, 10279, 94026, 8341, 8356, 26212, 7718, 80345, 7745, 7746, 387032, 222698, 84547, 64288, 80317, 257202, 2880, 114821, 81696, 26531, 26716, 116511, 10537, 2550, 7932, 4340, 346171, 3134, 3105, 30834, 6992, 80352, 11074, 135644, 10107, 89870, 7726, 56658, 202658, 79897, 202658, 3133, 2794, 80742, 23, 5514, 28973, 79969, 221545, 8449, 170954, 11270, 9656, 10211, 780, 2968, 57176, 389376, 135656, 100507679, 29113, 170679, 1041, 170680, 54535, 6941, 5460, 3107, 3106, 100507436, 4277, 401250, 7919, 534, 4795, 4049, 7124, 4050, 7940, 259197, 199, 7916, 7917, 55937, 57827, 7918, 1460, 58496, 80741, 7920, 259215, 110599563, 58530, 110599563, 80740, 23564, 1192, 4439, 80737, 7407, 57819, 3305, 3303, 3304, 4758, 80736, 10919, 717, 221527, 629, 7936, 6499, 1797, 8859, 7148, 1388, 63943, 80863, 9374, 80864, 10554, 6048, 177, 5089, 63940, 4855, 10665, 56244, 3122, 3117, 3117, 3118, 3120, 3112, 5696, 5698, 6890, 3108, 3111, 3113, 3115, 1302, 6257, 7922, 6293, 6222, 9277, 10471, 5863, 51596, 8831, 221504, 3710, 84300, 117283, 221496, 4295, 11165, 100529239, 6204, 29993, 25803, 116369, 51513, 222659, 4794, 441151, 57505, 7128, 84918, 8635, 11116, 1235, 84159, 219790, 1959, 6441, 5583, 2886, 5771, 10666, 326, 720, 721, 27334, 84636
GWAS:376	Rheumatoid_Arthritis_NA_2014_2	269	127281, 79258, 23569, 149175, 3633, 260425, 10745, 54665, 26191, 440603, 10717, 204851, 56944, 148281, 3570, 2212, 5966, 150962, 200734, 4664, 6775, 940, 23228, 8320, 9034, 118429, 132612, 79722, 90355, 55604, 29777, 79692, 10279, 26212, 7746, 387032, 222698, 84547, 64288, 80317, 9753, 222696, 257202, 2880, 114821, 5987, 282890, 26692, 442184, 442186, 26707, 442191, 81696, 81797, 2550, 7932, 4340, 346171, 3134, 3135, 3105, 30834, 6992, 80352, 11074, 135644, 10107, 89870, 7726, 56658, 202658, 79897, 202658, 3133, 2794, 80742, 23, 5514, 28973, 79969, 221545, 8449, 170954, 11270, 203068, 10211, 8870, 780, 2968, 57176, 389376, 135656, 394263, 100507679, 29113, 170679, 1041, 170680, 54535, 6941, 5460, 3107, 3106, 100507436, 4277, 401250, 7919, 534, 4795, 4049, 7124, 4050, 7940, 259197, 199, 7916, 7917, 55937, 57827, 7918, 1460, 58496, 80741, 7920, 259215, 110599563, 58530, 110599563, 80740, 23564, 1192, 4439, 401251, 80737, 7407, 57819, 3305, 3303, 3304, 4758, 80736, 10919, 717, 221527, 629, 7936, 6499, 1797, 8859, 7148, 1388, 63943, 80863, 9374, 80864, 10554, 6048, 177, 5089, 63940, 4855, 10665, 56244, 3122, 3117, 3119, 3117, 3118, 3120, 3112, 5696, 5698, 6890, 3109, 3108, 3111, 3113, 3115, 1302, 6257, 7922, 7923, 6015, 6293, 6222, 8705, 9277, 10471, 5863, 6892, 9278, 1616, 3833, 5252, 51596, 8831, 221504, 578, 3710, 84300, 117283, 221496, 4295, 51513, 4794, 7128, 1235, 3663, 23534, 6366, 259308, 26147, 7185, 3559, 5588, 2625, 84159, 81619, 7189, 746, 23187, 1656, 6490, 5869, 6821, 64375, 6231, 2065, 3798, 10956, 116986, 1019, 1594, 25895, 10102, 10677, 57511, 677, 10125, 51061, 10847, 84961, 51755, 93210, 2064, 124626, 55876, 5771, 3386, 112812, 3385, 7297, 5141, 57727, 958, 3460, 757, 1827, 53347, 23308, 150223, 6122, 721, 393, 8260, 5973, 3054, 8269, 3654
GWAS:864	Skin_fluorescence_NA_2014	103	23254, 114784, 1600, 26289, 9722, 7399, 56997, 55083, 23040, 1496, 53353, 2066, 27255, 152330, 491, 79750, 55799, 50650, 2272, 5793, 9223, 23150, 6092, 4045, 131034, 22871, 254827, 57537, 80333, 323, 55714, 1501, 5144, 6586, 91522, 10667, 442213, 154215, 23328, 5071, 10846, 221935, 1607, 1124, 273, 107, 64409, 9863, 5218, 375612, 26047, 1804, 64478, 137868, 10, 6595, 169792, 5789, 158038, 23245, 1289, 55691, 65217, 29119, 140766, 10718, 27122, 26011, 1740, 53942, 84623, 50863, 4978, 283455, 92293, 121256, 51761, 11278, 10082, 728215, 23026, 64067, 64093, 9369, 6095, 4016, 54715, 9951, 79068, 51741, 80790, 1012, 23302, 40, 114876, 140733, 11122, 1002, 5651, 861, 9215, 23779, 25817
GWAS:865	Alcohol_dependence_NA_2013	237	63976, 1953, 23261, 23254, 84966, 114784, 1600, 257194, 23266, 1806, 3752, 148281, 55733, 29937, 7399, 2104, 80003, 148641, 6262, 1131, 56776, 6000, 55083, 23040, 60526, 1838, 238, 4052, 5581, 9378, 51130, 1496, 129684, 53353, 140469, 117583, 2066, 152330, 285362, 2917, 9686, 79750, 7068, 27303, 114884, 55799, 2272, 5793, 8618, 56999, 9223, 407738, 6092, 253559, 4045, 8997, 285195, 254827, 2257, 55351, 57537, 84448, 80333, 3516, 323, 81608, 23284, 2895, 8633, 55016, 23022, 55714, 8470, 9037, 1501, 4651, 23037, 54622, 6695, 2890, 55568, 57451, 30820, 51617, 2762, 10667, 6310, 81578, 56479, 10690, 154215, 5796, 10090, 23345, 26230, 5071, 6196, 1607, 1124, 9844, 23072, 11055, 26053, 9863, 10371, 2792, 9732, 4289, 91584, 100507421, 26047, 51422, 1804, 5799, 9228, 64478, 137868, 23362, 55790, 665, 1808, 284, 2131, 6503, 23081, 5789, 158038, 5125, 9568, 105, 57118, 55691, 83641, 6840, 5592, 65217, 29119, 64072, 83938, 3778, 2869, 64077, 8038, 118611, 1793, 4255, 256536, 391, 143425, 374378, 89797, 4745, 63982, 26011, 1740, 53942, 7225, 7704, 57453, 50863, 4978, 775, 338811, 160335, 283455, 144347, 9612, 121256, 23504, 23281, 10186, 5101, 2262, 10082, 2259, 728215, 57447, 64067, 112399, 161357, 122786, 23034, 341880, 9628, 57194, 2562, 6263, 80031, 440279, 8854, 6095, 79875, 5046, 54715, 92017, 9951, 79068, 57687, 51741, 1012, 8522, 399687, 40, 56934, 124540, 201266, 8632, 146713, 9229, 5797, 63895, 25925, 80206, 56853, 201501, 9811, 1630, 220164, 773, 23236, 57144, 140733, 5126, 128869, 23054, 55741, 11122, 128553, 1002, 7074, 861, 5121, 1826, 23544, 8224, 9215, 25817
GWAS:870	Crohn_s_Disease_NA_2017	466	219293, 9341, 10911, 11315, 54206, 57708, 23169, 400757, 149233, 3595, 26135, 343099, 1810, 54665, 26191, 440603, 10717, 65005, 51686, 6097, 8751, 1945, 1944, 1942, 200185, 80128, 4582, 7059, 2629, 10712, 10067, 1196, 57657, 5313, 2224, 55870, 55154, 55249, 7818, 54856, 6016, 9181, 51744, 55600, 7292, 23418, 163486, 55765, 23046, 779, 3586, 3664, 2590, 8648, 391356, 79172, 109, 51277, 22979, 5443, 1788, 9784, 5496, 29959, 26160, 64838, 2646, 2355, 63892, 678, 130271, 5966, 150962, 5194, 84542, 339804, 9736, 9173, 8809, 8807, 389015, 10018, 23451, 3329, 100529241, 25843, 130132, 66037, 5334, 26010, 4719, 1933, 3431, 11262, 55054, 6295, 8527, 55230, 1294, 65010, 1951, 51517, 51447, 5576, 10425, 54681, 3615, 54870, 5859, 3913, 200942, 646498, 339834, 375341, 7375, 2876, 387, 6988, 275, 84276, 1605, 8927, 327, 4485, 63891, 386724, 29925, 9807, 389118, 389119, 7318, 10293, 79012, 4486, 84315, 10180, 10181, 91869, 50939, 57092, 253461, 5922, 116984, 7006, 57606, 5530, 55024, 4790, 84162, 3558, 1611, 5734, 23548, 5562, 6167, 84674, 730, 64167, 4012, 337876, 90624, 56990, 1437, 8974, 8572, 6583, 6584, 3659, 3565, 11127, 23176, 80762, 85027, 345611, 91975, 1879, 153830, 134510, 3593, 1843, 1871, 54901, 8347, 11120, 81696, 81797, 7932, 346171, 3135, 30834, 11074, 7726, 56658, 10211, 780, 2968, 57176, 389376, 135656, 100507679, 29113, 170679, 170680, 3107, 3106, 100507436, 4277, 401250, 7919, 534, 4795, 4049, 7124, 7940, 259197, 199, 7916, 7917, 55937, 57827, 7918, 1460, 58496, 80741, 7920, 259215, 110599563, 80740, 1192, 4439, 401251, 80737, 7407, 57819, 3305, 3303, 3304, 4758, 80736, 10919, 717, 629, 7936, 6499, 1797, 8859, 7148, 1388, 63943, 80863, 9374, 80864, 10554, 177, 5089, 63940, 4855, 10665, 56244, 3122, 3117, 3119, 3117, 3118, 3120, 3112, 3111, 60468, 84870, 8635, 11116, 1235, 57154, 8454, 6575, 6921, 81704, 3717, 11172, 3641, 9966, 7099, 26086, 728489, 64170, 6621, 10807, 23203, 56623, 9919, 3559, 1326, 8453, 1390, 219771, 143162, 253430, 55847, 84890, 1959, 9632, 23053, 8509, 8509, 818, 5328, 57178, 4143, 143241, 81619, 2805, 159296, 10581, 55553, 10944, 745, 746, 9415, 3992, 5331, 572, 25824, 283234, 8986, 30008, 56946, 63876, 4055, 4074, 114134, 120892, 22895, 11215, 160857, 144811, 1880, 677, 2581, 8477, 4140, 1152, 115708, 4088, 4261, 116028, 8651, 7142, 58531, 5619, 9516, 1201, 1201, 55911, 246778, 112869, 6799, 6817, 11273, 7284, 25970, 487, 79874, 83985, 27040, 55027, 64282, 113, 29117, 85407, 124460, 64127, 1540, 1723, 10462, 433, 8844, 6347, 6354, 6356, 6357, 6346, 93210, 2064, 124626, 55876, 94103, 100505591, 284110, 1440, 9862, 6777, 6776, 6774, 284119, 535, 4669, 339210, 8526, 51174, 6198, 146712, 284207, 5771, 5434, 2879, 22904, 51341, 3383, 3386, 100125288, 112812, 11140, 5141, 53637, 23476, 10270, 26993, 58525, 374900, 147923, 199704, 79934, 5536, 126147, 2524, 284358, 54922, 199800, 126129, 55612, 140733, 5335, 4318, 958, 128611, 85441, 26205, 50861, 51750, 8771, 10139, 84619, 54923, 56731, 140685, 3460, 2618, 6651, 29980, 5822, 8209, 23308, 7332, 150223, 23753, 8897, 150280, 4689, 1439, 6122, 9145, 23264, 50, 2912, 728734, 140701
GWAS:871	Ulcerative_colitis_NA_2017	332	6339, 81669, 55052, 2782, 85452, 127281, 79258, 100287898, 11315, 54206, 255104, 54546, 23252, 30814, 57708, 23169, 400757, 149233, 3595, 26135, 84072, 6097, 1942, 200185, 80128, 4582, 7059, 2212, 55732, 2494, 23271, 2848, 55765, 23046, 779, 3586, 56997, 1788, 63892, 5966, 150962, 5194, 84542, 339804, 9736, 7514, 9173, 3579, 25953, 51281, 57140, 2859, 9034, 5210, 1294, 7384, 440955, 65010, 1951, 51517, 51447, 5576, 10425, 54681, 11180, 55152, 3615, 54870, 5859, 200942, 646498, 339834, 375341, 7375, 2876, 387, 6988, 275, 84276, 1605, 8927, 327, 4485, 63891, 386724, 29925, 9807, 389118, 389119, 7318, 10293, 79012, 4486, 84315, 10180, 10181, 6405, 2779, 6374, 51176, 3558, 11336, 6550, 55722, 11076, 653082, 613212, 8974, 815, 345611, 134510, 3593, 10960, 10636, 6569, 222696, 257202, 2880, 81696, 2550, 7932, 3105, 5514, 79969, 11270, 135656, 394263, 100507679, 29113, 170679, 1041, 170680, 54535, 6941, 5460, 3107, 3106, 100507436, 4277, 7919, 534, 4795, 4049, 7124, 4050, 7940, 259197, 199, 7916, 7917, 7918, 7920, 259215, 110599563, 23564, 1192, 4439, 401251, 80737, 7407, 57819, 3305, 3303, 3304, 4758, 80736, 10919, 717, 629, 7936, 6499, 1797, 8859, 7148, 1388, 63943, 80863, 9374, 80864, 10554, 6048, 177, 5089, 63940, 4855, 10665, 56244, 3122, 3123, 3117, 3119, 3117, 3118, 3120, 3112, 3109, 3108, 3111, 3113, 3115, 1302, 6257, 7923, 6015, 10758, 155185, 2768, 84792, 5879, 221955, 392862, 113263, 3207, 2128, 1365, 1364, 155368, 135886, 51412, 56996, 402682, 1811, 1738, 3912, 3663, 23534, 3717, 11172, 3641, 29126, 9966, 26086, 728489, 64170, 6621, 10807, 23203, 56623, 9919, 2625, 1326, 2805, 159296, 4046, 219965, 390190, 390191, 9404, 80829, 56946, 120400, 54827, 51564, 3164, 4792, 677, 11261, 3706, 83660, 4088, 123803, 1201, 1201, 55911, 246778, 112869, 6817, 11273, 7284, 25970, 487, 79874, 3683, 146198, 999, 124491, 5336, 93210, 2064, 124626, 55876, 94103, 100505591, 284110, 5709, 1440, 9862, 339287, 22794, 6605, 125113, 6777, 6776, 6774, 535, 57602, 5771, 440533, 126299, 5739, 25865, 11142, 51497, 128611, 85441, 26205, 50861, 51750, 8771, 10139, 84619, 54923, 56731, 140685, 10287, 4987, 198437, 7332, 55954, 8897, 150280, 10042, 10043, 6122, 9145, 400935, 126789, 8764, 3310, 3127, 11151, 415116
GWAS:872	Inflammatory_Bowel_Disease_NA_2017	540	388581, 6339, 54973, 54998, 81669, 55052, 441869, 219293, 65220, 2782, 163688, 85452, 9341, 10911, 11315, 54206, 54751, 255104, 54546, 23252, 79727, 84871, 1996, 200132, 57708, 23169, 400757, 149233, 3595, 26135, 79871, 50999, 343099, 1810, 389, 4170, 55204, 84072, 1520, 1513, 405, 9869, 29956, 284485, 51686, 11022, 6097, 8751, 1944, 1942, 200185, 80128, 4582, 7059, 2629, 10712, 10067, 1196, 57657, 5313, 2224, 55870, 55154, 55249, 7818, 6016, 51744, 55600, 142683, 9507, 4720, 2212, 55732, 7292, 23418, 163486, 23271, 2848, 55765, 23046, 779, 9261, 3586, 29949, 3664, 2590, 88, 8648, 391356, 79172, 109, 51277, 22979, 5443, 1788, 2976, 9784, 5496, 29959, 26160, 64838, 2646, 2355, 63892, 678, 130271, 5966, 150962, 5194, 84542, 339804, 9736, 7514, 7850, 9173, 8809, 8807, 389015, 3676, 3579, 10109, 14, 25953, 64114, 11262, 55054, 6295, 8527, 140739, 51281, 2859, 666, 51246, 5210, 1294, 7384, 440955, 65010, 1951, 51517, 51447, 5576, 10425, 54681, 11180, 55152, 3615, 54870, 5859, 10869, 3913, 200942, 646498, 339834, 375341, 7375, 2876, 387, 6988, 275, 84276, 1605, 8927, 327, 4485, 63891, 386724, 29925, 9807, 389118, 389119, 7318, 10293, 79012, 4486, 84315, 10180, 10181, 6405, 2779, 27086, 50939, 3083, 116984, 23216, 5530, 55024, 84162, 132612, 3558, 4306, 1611, 9180, 5734, 23548, 5562, 6167, 730, 64167, 4012, 337876, 90624, 1437, 8974, 8572, 6583, 6584, 3659, 3565, 23176, 80762, 6534, 815, 85027, 345611, 153830, 134510, 3593, 10960, 10636, 6569, 54901, 8347, 257202, 81696, 7932, 346171, 11074, 79969, 10211, 780, 2968, 57176, 389376, 135656, 100507679, 29113, 170679, 1041, 170680, 54535, 6941, 5460, 3106, 100507436, 4277, 7919, 534, 4795, 4049, 7124, 4050, 7940, 259197, 199, 7916, 7917, 55937, 7918, 1460, 7920, 259215, 110599563, 1192, 4439, 401251, 80737, 7407, 57819, 3305, 3303, 3304, 4758, 80736, 10919, 717, 629, 7936, 6499, 1797, 8859, 7148, 1388, 63943, 80863, 9374, 80864, 10554, 6048, 177, 5089, 63940, 4855, 10665, 56244, 3122, 3123, 3117, 3119, 3117, 3118, 3120, 3112, 3109, 3108, 3111, 3115, 896, 60468, 10758, 387103, 23118, 8635, 11116, 1235, 155185, 392862, 57154, 64599, 56996, 51593, 402682, 43, 1811, 1738, 3912, 8454, 6575, 8694, 81704, 3717, 11172, 3641, 29126, 549, 9966, 26086, 728489, 64170, 6621, 10807, 23203, 56623, 9919, 3559, 2625, 1326, 8453, 1390, 219771, 253430, 55847, 84890, 1959, 818, 5328, 57178, 4143, 143241, 84293, 81619, 387694, 22849, 2805, 159296, 9679, 399818, 4046, 4925, 374383, 3767, 219956, 390191, 9404, 80829, 9415, 3992, 283234, 8986, 220064, 56946, 7704, 2113, 4055, 160365, 969, 120892, 3164, 3798, 3458, 4069, 22895, 160857, 22862, 1880, 677, 8477, 4088, 4261, 116028, 8651, 7142, 58531, 5619, 9516, 23042, 123803, 1201, 1201, 55911, 246778, 112869, 6799, 6817, 11273, 7284, 25970, 487, 79874, 930, 84901, 83985, 27040, 3683, 55027, 113, 29117, 85407, 124460, 64127, 1540, 146198, 5336, 1398, 10462, 433, 6347, 6356, 6357, 6346, 84152, 5409, 93210, 2064, 84299, 2886, 22806, 124626, 55876, 94103, 100505591, 284110, 5709, 1440, 9862, 7067, 22794, 51195, 125113, 23415, 6777, 6776, 6774, 284119, 535, 4669, 79990, 124817, 55163, 339210, 8526, 6198, 57602, 23347, 5771, 6925, 4772, 5434, 2879, 22904, 3383, 3386, 100125288, 112812, 11140, 5141, 53637, 10270, 58525, 79934, 80271, 5536, 5739, 94235, 2524, 199800, 55612, 9777, 9371, 171023, 140688, 3172, 4318, 128611, 85441, 26205, 50861, 51750, 8771, 10139, 84619, 54923, 56731, 140685, 7165, 2618, 5822, 23308, 7332, 150223, 23753, 4771, 55954, 8897, 150280, 10042, 10043, 6122, 9145, 10454, 400935, 126789, 8764, 4580, 3310, 58, 3127, 84163, 728734, 140701
GWAS:875	Primary_sclerosing_cholangitis_iPSCSG_2017	249	127281, 79258, 150962, 10018, 940, 51517, 51447, 5576, 54681, 55152, 25915, 3615, 54870, 3913, 200942, 646498, 339834, 375341, 7375, 2876, 387, 6988, 275, 84276, 1605, 8927, 327, 4485, 63891, 386724, 29925, 9807, 389118, 10293, 6405, 4790, 84162, 132612, 3558, 55604, 10590, 255626, 10050, 6568, 10786, 10246, 10475, 3024, 3006, 3077, 8364, 3010, 8347, 8334, 3008, 3017, 8351, 3013, 8365, 11118, 10385, 11119, 10384, 11120, 696, 10473, 29777, 79692, 8969, 85236, 10279, 94026, 346157, 7738, 8340, 8329, 8363, 8341, 3009, 8356, 81697, 7718, 80345, 7745, 7746, 387032, 222698, 84547, 64288, 80317, 9753, 222696, 257202, 2880, 114821, 5987, 282890, 26692, 442184, 442186, 26707, 442191, 81696, 81797, 26531, 26716, 10537, 2550, 7932, 4340, 346171, 3134, 3135, 3105, 30834, 6992, 80352, 11074, 135644, 10107, 89870, 7726, 56658, 202658, 79897, 202658, 3133, 2794, 80742, 23, 79969, 221545, 8449, 170954, 11270, 203068, 10211, 8870, 780, 2968, 57176, 389376, 135656, 394263, 100507679, 29113, 170679, 1041, 170680, 54535, 6941, 5460, 3107, 3106, 100507436, 4277, 401250, 7919, 534, 4795, 4049, 7124, 4050, 7940, 259197, 199, 7916, 7917, 55937, 57827, 7918, 1460, 58496, 80741, 7920, 259215, 110599563, 58530, 110599563, 80740, 23564, 1192, 4439, 401251, 80737, 7407, 57819, 3305, 3303, 3304, 4758, 80736, 10919, 717, 221527, 629, 7936, 6499, 1797, 8859, 7148, 1388, 63943, 80863, 9374, 80864, 10554, 6048, 177, 5089, 63940, 4855, 10665, 56244, 3122, 3117, 3119, 3117, 3118, 3120, 3112, 5696, 5698, 6890, 3109, 3108, 3111, 3113, 3115, 1302, 6257, 7923, 6015, 8831, 221504, 3710, 117283, 6867, 3559, 159296, 572, 56834, 25824, 597, 23274, 2793, 10666, 25865, 8764
GWAS:878	Immunoglobulin_A_deficiency_NA_2016	226	115352, 25801, 942, 132612, 3558, 3096, 55604, 10590, 10050, 6568, 10786, 10246, 10475, 3024, 3006, 3077, 8364, 3010, 8347, 8334, 3008, 3017, 11118, 11119, 10384, 11120, 696, 29777, 79692, 8969, 85236, 10279, 94026, 7738, 8340, 8329, 8363, 8341, 3009, 8356, 81697, 7718, 80345, 7745, 7746, 387032, 222698, 84547, 64288, 80317, 9753, 222696, 257202, 114821, 5987, 26692, 26707, 442191, 81696, 81797, 26531, 26716, 116511, 10537, 2550, 7932, 4340, 346171, 3134, 3135, 3105, 30834, 6992, 80352, 11074, 135644, 10107, 89870, 7726, 56658, 202658, 79897, 202658, 3133, 2794, 80742, 23, 79969, 221545, 11270, 203068, 10211, 8870, 780, 2968, 57176, 389376, 135656, 394263, 100507679, 29113, 170679, 1041, 170680, 54535, 6941, 5460, 3107, 3106, 100507436, 4277, 401250, 7919, 534, 4795, 4049, 7124, 4050, 7940, 259197, 199, 7916, 7917, 55937, 57827, 7918, 1460, 58496, 80741, 7920, 259215, 110599563, 58530, 110599563, 80740, 23564, 1192, 4439, 401251, 80737, 7407, 57819, 3305, 3303, 3304, 4758, 80736, 10919, 717, 221527, 629, 7936, 6499, 1797, 8859, 7148, 1388, 63943, 80863, 9374, 80864, 10554, 6048, 177, 5089, 63940, 4855, 10665, 56244, 3122, 3123, 3117, 3119, 3117, 3118, 3120, 3112, 5696, 5698, 6890, 3109, 3108, 3111, 3113, 3115, 1302, 6257, 7922, 7923, 6015, 6293, 8705, 9277, 10471, 6892, 9278, 1616, 3833, 5252, 8831, 221504, 578, 3710, 84300, 117283, 54806, 1959, 355, 8525, 55626, 9776, 392, 321, 23274, 58531, 146177, 100288072, 55911, 3394, 124626, 55876, 93323, 56911, 3127, 4192, 283254
GWAS:892	Age_related_Macular_Degeneration_NA_2016	171	343450, 3075, 10878, 3078, 3080, 10877, 81494, 2165, 259266, 360023, 23418, 163486, 388722, 56956, 127124, 53938, 60491, 4999, 8837, 1285, 1295, 55773, 55167, 5096, 10274, 253461, 3490, 55013, 839, 81579, 346171, 11074, 2794, 780, 389376, 135656, 394263, 100507679, 170679, 1041, 170680, 54535, 6941, 5460, 3107, 3106, 4277, 401250, 7919, 534, 4795, 4049, 7124, 7940, 259197, 199, 7916, 7917, 55937, 57827, 7918, 1460, 58496, 80741, 7920, 259215, 110599563, 58530, 110599563, 80740, 23564, 1192, 4439, 401251, 80737, 7407, 57819, 3305, 3303, 3304, 4758, 80736, 10919, 717, 221527, 629, 7936, 6499, 1797, 8859, 7148, 1388, 63943, 80863, 9374, 80864, 10554, 6048, 177, 5089, 63940, 4855, 10665, 3122, 3117, 3119, 29990, 29992, 55063, 56257, 221908, 402573, 81628, 222950, 6733, 54517, 8797, 1030, 7046, 19, 9991, 10579, 118663, 59338, 387715, 5654, 1755, 399814, 80007, 10873, 5959, 8315, 145173, 5890, 8854, 3990, 4088, 11057, 6017, 6559, 1071, 1504, 5336, 3090, 7126, 26073, 23098, 113235, 55666, 91304, 1265, 10347, 23526, 2528, 718, 56927, 9322, 5819, 10452, 348, 341, 126147, 4318, 8224, 23539, 80115, 5155, 5465, 720, 721, 441272
GWAS:920	Multiple_Sclerosis_NA_2011	101	79258, 100287898, 2672, 7813, 388650, 965, 55765, 11262, 8320, 50650, 51300, 9657, 6565, 942, 10636, 55604, 257202, 2880, 442191, 2550, 4340, 3134, 11074, 135644, 5514, 780, 2968, 57176, 135656, 394263, 100507679, 170679, 1041, 170680, 54535, 6941, 5460, 3107, 100507436, 4277, 7919, 534, 4795, 4049, 7940, 7916, 7917, 259215, 110599563, 80740, 9374, 80864, 10554, 6048, 4855, 10665, 3117, 3118, 3112, 5696, 5698, 6890, 3109, 3111, 3113, 3115, 1302, 7923, 6222, 9277, 10471, 54806, 116379, 3574, 3559, 643, 283149, 7132, 10956, 116986, 6302, 1594, 4234, 2581, 23274, 116028, 6774, 51174, 6198, 23031, 10437, 84769, 10055, 28968, 27120, 1591, 5594, 4689, 9758, 1756, 50814
GWAS:921	Type_1_Diabetes_NA_2011	246	5236, 260425, 10745, 54665, 26191, 440603, 10717, 56944, 3586, 25936, 22979, 3176, 2191, 25801, 133690, 56940, 55604, 10590, 10050, 6568, 10786, 10246, 10475, 3024, 3006, 3077, 8347, 3008, 3017, 11118, 10385, 11119, 10384, 11120, 696, 10473, 29777, 79692, 8970, 85236, 10279, 94026, 8340, 8329, 8341, 3009, 8356, 81697, 7718, 80345, 7745, 7746, 387032, 222698, 84547, 64288, 80317, 9753, 222696, 114821, 5987, 282890, 26692, 26707, 442191, 81696, 81797, 26531, 26716, 10537, 2550, 4340, 346171, 3134, 30834, 6992, 80352, 11074, 135644, 10107, 89870, 7726, 56658, 202658, 79897, 202658, 2794, 23, 5514, 28973, 79969, 221545, 8449, 170954, 11270, 9656, 203068, 10211, 8870, 780, 2968, 57176, 389376, 135656, 394263, 100507679, 29113, 170679, 1041, 170680, 54535, 6941, 5460, 3107, 3106, 100507436, 4277, 401250, 7919, 534, 4795, 4049, 7124, 4050, 7940, 259197, 199, 7916, 7917, 55937, 57827, 7918, 1460, 58496, 80741, 7920, 259215, 110599563, 58530, 110599563, 80740, 23564, 1192, 4439, 401251, 80737, 7407, 57819, 3305, 3303, 3304, 10919, 717, 221527, 629, 7936, 6499, 1797, 8859, 7148, 1388, 63943, 80863, 9374, 80864, 10554, 6048, 177, 5089, 63940, 4855, 10665, 56244, 3122, 3117, 3119, 3117, 3118, 3120, 3112, 5696, 5698, 6890, 3109, 3108, 3111, 3113, 3115, 1302, 6257, 7922, 7923, 6293, 8705, 9277, 10471, 5863, 6892, 9278, 1616, 3833, 8831, 221504, 578, 3710, 60468, 387103, 3559, 5551, 3481, 723961, 160365, 6490, 5869, 6821, 64375, 6231, 2065, 5036, 10019, 8315, 80724, 217, 8550, 89894, 80018, 10906, 283450, 6128, 5781, 4008, 677, 23274, 116028, 8651, 26471, 112869, 6799, 10664, 79170, 5771, 4772, 6510, 55423, 53347, 3560
GWAS:923	Primary_biliary_cirrhosis_NA_2015	132	7805, 3595, 26135, 115352, 163486, 4664, 6775, 23228, 57514, 55254, 56983, 29970, 3592, 57560, 10051, 286827, 80117, 10861, 3425, 4790, 7323, 150159, 3575, 133690, 3593, 3017, 11120, 29777, 94026, 8340, 8329, 8341, 3009, 442191, 89870, 29113, 170680, 6941, 5460, 3106, 401250, 4049, 199, 7916, 7917, 57827, 7918, 1460, 58496, 80741, 7920, 259215, 110599563, 58530, 110599563, 80740, 23564, 1192, 4439, 401251, 80737, 7407, 3305, 4758, 80736, 10919, 7936, 6499, 1797, 7148, 1388, 80863, 9374, 10554, 177, 4855, 10665, 56244, 3122, 3119, 3112, 5696, 5698, 6890, 3108, 3111, 3113, 3115, 1302, 6257, 7923, 6015, 5252, 3696, 3663, 23534, 10410, 3338, 572, 56834, 283234, 8986, 1656, 7132, 4055, 51535, 5781, 5890, 91828, 1512, 23274, 116028, 8651, 7142, 84961, 5469, 51755, 10948, 2064, 22806, 124626, 55876, 94103, 1394, 4137, 284058, 3385, 255809, 10498, 78992, 6689, 6122
GWAS:924	Systemic_Lupus_Erythematosus_NA_2015	260	54991, 440603, 2212, 3918, 23057, 9887, 4688, 200734, 54842, 100131211, 4664, 2744, 6772, 6775, 57406, 54899, 5162, 29970, 55024, 7903, 6932, 10318, 63920, 55604, 10590, 10050, 6568, 10786, 10246, 10475, 3024, 3077, 8364, 3010, 8347, 3008, 3017, 11118, 10385, 11119, 10384, 11120, 696, 10473, 29777, 79692, 8969, 94026, 7738, 8340, 8329, 8363, 8341, 3009, 8356, 81697, 7718, 80345, 7745, 7746, 387032, 222698, 84547, 64288, 80317, 9753, 222696, 114821, 5987, 26692, 442191, 81696, 81797, 26716, 10537, 2550, 7932, 346171, 3134, 3135, 3105, 30834, 6992, 80352, 11074, 10107, 89870, 7726, 56658, 202658, 79897, 202658, 2794, 23, 79969, 221545, 8449, 170954, 11270, 203068, 10211, 8870, 780, 2968, 57176, 389376, 135656, 394263, 100507679, 29113, 170679, 1041, 170680, 54535, 6941, 5460, 3107, 3106, 100507436, 4277, 7919, 534, 4795, 4049, 7124, 7940, 259197, 199, 7916, 7917, 55937, 57827, 7918, 1460, 58496, 80741, 7920, 259215, 110599563, 58530, 110599563, 80740, 23564, 1192, 4439, 401251, 80737, 7407, 57819, 3305, 3303, 3304, 4758, 80736, 10919, 717, 221527, 629, 7936, 6499, 1797, 8859, 7148, 1388, 63943, 80863, 9374, 80864, 10554, 6048, 177, 5089, 63940, 4855, 10665, 56244, 3122, 3123, 3117, 3119, 3117, 3118, 3120, 3112, 5696, 3109, 3108, 3113, 3115, 1302, 3710, 64771, 6631, 54887, 23294, 6954, 222663, 50619, 51513, 7128, 2737, 3663, 23534, 9258, 4482, 83595, 54984, 286046, 66036, 640, 57705, 84159, 81490, 3265, 115399, 256329, 57661, 3665, 53841, 1815, 10522, 64787, 283232, 960, 121260, 23274, 3684, 3687, 29070, 84299, 2886, 22806, 124626, 55876, 94103, 2885, 84444, 3383, 3386, 7087, 100125288, 112812, 3385, 58506, 255043, 7332, 150223, 23753, 3310, 3127, 6343, 7499, 80231, 393, 8260, 5973, 3054, 8269, 3654, 10251
GWAS:925	Celiac_disease_NA_2011	249	127281, 79258, 100287898, 4774, 23169, 9887, 4688, 5996, 55765, 5966, 150962, 5194, 84542, 339804, 9736, 7514, 9173, 8809, 8807, 389015, 10477, 6775, 940, 29851, 2829, 1232, 1230, 729230, 1234, 9034, 4057, 83597, 79442, 23150, 57514, 941, 29970, 84162, 132612, 3558, 80762, 3662, 9856, 55604, 10590, 10050, 6568, 10786, 10475, 3024, 3006, 3077, 8364, 3010, 8347, 8334, 3008, 3017, 11118, 11120, 696, 10473, 29777, 79692, 94026, 8356, 7718, 80345, 7745, 7746, 387032, 222698, 84547, 64288, 80317, 9753, 222696, 257202, 2880, 114821, 282890, 442186, 26707, 442191, 81696, 81797, 26531, 26716, 116511, 2550, 4340, 346171, 3134, 30834, 6992, 80352, 11074, 135644, 10107, 89870, 7726, 56658, 202658, 79897, 202658, 3133, 2794, 80742, 23, 5514, 28973, 79969, 8449, 170954, 9656, 203068, 10211, 780, 2968, 57176, 389376, 135656, 394263, 100507679, 29113, 170679, 1041, 170680, 54535, 6941, 5460, 3107, 3106, 100507436, 4277, 401250, 7919, 534, 4795, 4049, 7124, 7940, 259197, 199, 7916, 7917, 57827, 7918, 1460, 58496, 80741, 7920, 259215, 110599563, 58530, 110599563, 80740, 1192, 4439, 401251, 7407, 4758, 80736, 10919, 717, 221527, 629, 7936, 7148, 1388, 9374, 10554, 6048, 177, 63940, 4855, 10665, 56244, 3122, 3117, 3119, 3117, 3118, 3120, 3112, 5696, 5698, 6890, 3109, 3108, 3111, 3113, 3115, 1302, 6257, 7922, 6015, 6222, 9277, 10471, 5863, 6892, 9278, 1616, 3833, 8831, 578, 3710, 84300, 117283, 221496, 4295, 6882, 23294, 222663, 7629, 50619, 5467, 1432, 60468, 387357, 5796, 9844, 57178, 923, 23187, 2113, 23316, 10019, 8315, 80724, 217, 80018, 10906, 5781, 677, 51621, 1445, 79748, 25989, 5771, 10666, 81502, 63925, 53347, 23308, 7332, 150223, 5880
GWAS:933	Vitiligo_NA_2016	240	50651, 473, 6723, 731, 54665, 26191, 115352, 5788, 87178, 27086, 50852, 941, 141, 8842, 1010, 51151, 3702, 8340, 8329, 8341, 3009, 81697, 387032, 64288, 80317, 9753, 114821, 81696, 81797, 2550, 4340, 346171, 3134, 3135, 3105, 30834, 6992, 80352, 11074, 135644, 10107, 7726, 56658, 202658, 79897, 202658, 3133, 2794, 79969, 170954, 11270, 394263, 100507679, 29113, 170679, 1041, 170680, 54535, 6941, 5460, 3107, 3106, 100507436, 4277, 401250, 7919, 534, 4795, 199, 7916, 7917, 55937, 57827, 7918, 58496, 80741, 7920, 259215, 110599563, 58530, 110599563, 80740, 23564, 1192, 4439, 401251, 80737, 7407, 57819, 3305, 3303, 3304, 4758, 80736, 10919, 717, 221527, 629, 7936, 6499, 8859, 7148, 1388, 80863, 9374, 80864, 10554, 6048, 177, 5089, 63940, 4855, 10665, 56244, 3122, 3123, 3117, 3119, 3108, 1302, 6257, 6293, 6222, 8705, 9277, 10471, 5863, 6892, 1616, 3833, 5252, 8831, 3710, 117283, 222659, 221472, 60468, 8635, 11116, 1235, 54504, 54927, 64761, 7038, 8840, 10783, 3559, 84991, 10077, 960, 6506, 572, 56834, 283234, 2915, 7299, 50507, 2313, 6490, 5869, 6821, 64375, 6231, 2065, 5036, 23316, 144717, 10019, 8315, 80724, 22895, 2999, 3002, 64919, 8924, 25989, 10066, 4351, 9377, 29123, 6687, 27132, 1800, 5119, 124045, 8558, 124044, 9605, 92822, 2175, 84501, 22980, 4157, 54849, 79007, 2622, 11105, 2648, 5878, 2695, 9144, 8792, 148022, 58506, 3661, 83596, 3276, 199800, 126129, 51654, 6640, 84557, 128869, 23054, 81031, 55959, 5770, 64092, 53347, 114904, 5905, 23264, 7008, 10766, 84844, 50, 171568, 27254, 5372, 27351, 2547, 4809, 150365, 79879, 3127, 50943, 89801, 102724473, 9452, 159091
GWAS:937	Vertical_cup_disc_ratio_NA_2017_2	115	29943, 10158, 54112, 84722, 128346, 10500, 79626, 79005, 29765, 6944, 11000, 25903, 51478, 25874, 9068, 6004, 51127, 4358, 22934, 401027, 53938, 165100, 54918, 57415, 4286, 6152, 151636, 84107, 5028, 645104, 54876, 26057, 25854, 1208, 5603, 221400, 57691, 3201, 83637, 1750, 402573, 2056, 100130771, 441282, 1804, 137362, 55312, 442425, 389799, 9858, 54461, 5730, 64081, 3189, 54619, 5002, 144124, 283106, 390162, 10235, 5837, 7536, 254102, 65003, 10432, 100526737, 5936, 38, 11095, 10436, 10162, 83758, 387836, 338785, 7786, 7316, 26747, 27141, 56413, 1690, 23582, 6652, 283726, 115939, 10294, 81831, 80152, 3931, 11269, 55159, 388333, 51701, 113235, 6388, 284086, 51195, 5275, 57719, 2865, 199720, 27335, 6183, 92609, 4294, 100170765, 8993, 147664, 255043, 5173, 650, 128822, 2691, 84767, 3764, 57215
GWAS:963	Asthma__fixed_effect_model__NA_2018	105	134, 3554, 8808, 9173, 8809, 8807, 130340, 91137, 85480, 134430, 814, 8974, 6584, 3659, 10111, 3596, 23176, 80762, 3024, 8340, 8329, 8341, 3009, 8356, 7746, 64288, 80317, 222696, 114821, 5987, 442191, 81696, 81797, 11074, 7726, 221545, 203068, 10211, 394263, 170679, 170680, 6941, 5460, 3106, 100507436, 4277, 401250, 7919, 4795, 1192, 7148, 80863, 9374, 80864, 10554, 6048, 63940, 4855, 10665, 56244, 3122, 3117, 3119, 3112, 5696, 60468, 90865, 89882, 26147, 2625, 240, 745, 746, 9415, 3992, 51564, 4665, 6778, 11260, 6095, 4088, 1773, 10131, 23274, 84961, 5469, 51755, 84152, 10948, 8557, 5409, 93210, 2064, 22806, 124626, 55876, 94103, 100505591, 284110, 5709, 1440, 9862, 7067, 22834, 5245
GWAS:967	Schizophrenia_NA_2018	739	9651, 9903, 148479, 90326, 55735, 50651, 473, 54361, 127703, 55700, 991, 23334, 81888, 5792, 9682, 6487, 9670, 533, 84871, 1996, 7804, 5142, 58155, 1806, 3752, 7812, 51177, 51107, 9129, 23248, 55793, 79005, 57459, 27173, 3782, 57326, 51043, 127579, 56893, 28956, 23385, 339416, 27252, 84614, 462, 149041, 55765, 25778, 4179, 9859, 10806, 10000, 5443, 1058, 60509, 9553, 64080, 5500, 245711, 55006, 23683, 6546, 9378, 51130, 23198, 98, 7444, 55120, 53335, 94097, 26056, 7840, 151011, 9839, 1781, 254042, 29789, 91526, 23451, 80219, 3329, 100529241, 25843, 130132, 92935, 66037, 5334, 23314, 348751, 205327, 129450, 79568, 26010, 1385, 2066, 26058, 3769, 389084, 25791, 152330, 491, 23228, 9779, 7068, 27303, 9881, 9941, 23166, 64943, 440957, 55193, 26354, 55830, 28972, 6787, 3697, 3699, 3700, 389125, 100526772, 375346, 51460, 7086, 2272, 80145, 9861, 166336, 27086, 8997, 84561, 5523, 55167, 5096, 10274, 80723, 4690, 53833, 165679, 8087, 131118, 116211, 85460, 5099, 170825, 55024, 7323, 493856, 150159, 133308, 80319, 8821, 1182, 2823, 10884, 348980, 133418, 79993, 57688, 353189, 133482, 1946, 4124, 51307, 51780, 51308, 2107, 3313, 51523, 83697, 4695, 55374, 3550, 54853, 3035, 23438, 153527, 56147, 56146, 56145, 56144, 56143, 56142, 56141, 56140, 9752, 56139, 56138, 56137, 56136, 56135, 10827, 4238, 55568, 6444, 57451, 55604, 10590, 255626, 10050, 6568, 10786, 10246, 10475, 3024, 3006, 3077, 8364, 3010, 8347, 8334, 3008, 3017, 8351, 3013, 8365, 11118, 10385, 11119, 10384, 11120, 696, 10473, 29777, 79692, 8969, 85236, 10279, 94026, 346157, 7738, 8340, 8329, 8363, 8341, 3009, 8356, 81697, 7718, 80345, 7745, 7746, 387032, 222698, 84547, 64288, 80317, 9753, 222696, 114821, 5987, 26692, 442186, 26707, 442191, 81696, 81797, 26531, 26716, 10537, 4340, 346171, 3134, 3135, 3105, 80352, 135644, 10107, 89870, 7726, 56658, 202658, 2794, 23, 79969, 221545, 170954, 11270, 203068, 10211, 780, 2968, 57176, 389376, 135656, 394263, 100507679, 29113, 170679, 1041, 170680, 54535, 6941, 5460, 3107, 3106, 4277, 401250, 7919, 534, 4049, 7124, 259197, 199, 7916, 7917, 55937, 57827, 7918, 1460, 58496, 7920, 259215, 110599563, 80740, 23564, 1192, 4439, 401251, 80737, 7407, 57819, 3305, 3303, 3304, 4758, 80736, 10919, 717, 221527, 629, 7936, 6499, 1797, 8859, 7148, 1388, 63943, 80863, 9374, 80864, 10554, 6048, 177, 5089, 63940, 4855, 10665, 56244, 3122, 3123, 3117, 3119, 3117, 3118, 3120, 3108, 1302, 9277, 10471, 5863, 6892, 9278, 1616, 3833, 5252, 8831, 221504, 578, 3710, 117283, 221496, 5754, 23113, 7021, 667, 51557, 23469, 346007, 577, 56479, 4199, 167681, 9892, 60468, 2309, 117247, 10758, 154075, 23345, 8379, 4521, 29886, 221935, 6671, 1687, 9586, 3624, 54606, 83698, 9863, 27445, 2913, 9988, 79161, 5243, 8910, 23089, 64599, 7205, 402682, 43, 375612, 6733, 83943, 27044, 9162, 64478, 4482, 4481, 51201, 23362, 2185, 1191, 27257, 9530, 23259, 84513, 54904, 137994, 2260, 767, 4325, 7071, 7227, 90390, 51571, 50807, 203062, 4062, 23081, 152006, 23137, 23196, 9568, 1620, 783, 288, 84159, 54838, 1586, 119032, 57412, 54805, 22978, 729020, 9118, 84108, 9148, 22986, 5286, 4925, 120534, 744, 51317, 90993, 8525, 55626, 9776, 392, 79797, 2147, 9793, 4038, 79096, 84364, 710, 219539, 10978, 25921, 219541, 51075, 280636, 643376, 1500, 28992, 23130, 5526, 283129, 116071, 402, 4296, 399909, 6494, 54970, 1813, 4900, 23584, 90952, 79684, 399979, 50863, 4978, 219938, 22997, 83700, 23310, 112936, 27087, 775, 55605, 225, 5094, 4665, 6778, 8091, 56899, 83892, 28981, 488, 51434, 51184, 29902, 51699, 144715, 160760, 79600, 84329, 5501, 4842, 121665, 605, 6249, 23457, 79676, 51329, 57605, 10198, 91574, 8099, 55206, 387893, 196383, 80212, 144348, 7223, 55068, 64062, 54602, 728215, 5587, 64067, 161357, 6252, 22990, 9369, 2957, 64919, 4140, 115708, 9529, 3831, 84334, 7517, 79038, 23368, 254531, 56924, 5330, 7158, 4130, 9677, 80031, 56204, 3990, 102, 54778, 83660, 10021, 84894, 3658, 1138, 1136, 1143, 79631, 283726, 64506, 8120, 54993, 84942, 4828, 23478, 9640, 4916, 5045, 2242, 1106, 115, 9093, 29965, 54715, 23042, 7385, 255762, 730094, 146177, 253982, 253980, 124446, 9344, 8479, 283899, 8448, 146378, 83723, 5531, 6911, 79153, 5595, 65009, 79918, 23019, 55238, 10204, 5699, 3931, 6560, 64174, 54920, 4775, 80004, 23659, 9057, 84138, 84916, 6645, 27183, 84342, 64146, 51388, 146456, 7014, 2734, 7531, 23293, 63826, 7326, 10743, 6720, 146691, 83450, 91647, 79018, 1819, 5598, 5717, 5469, 51755, 7473, 2695, 8913, 56155, 4884, 57521, 1630, 6925, 55628, 26251, 80148, 84444, 79973, 773, 404037, 53345, 57794, 23383, 54815, 83983, 51079, 374887, 148113, 80714, 9170, 51291, 9745, 23094, 2524, 54922, 2523, 51070, 5639, 57479, 6237, 58506, 3661, 83596, 3276, 140885, 343578, 79913, 26051, 6789, 3745, 5740, 8675, 54487, 29801, 4248, 8911, 2033, 150356, 5905, 6721, 115650, 79019, 55964, 164684, 4668, 150368, 4700, 6942, 23774, 9889, 79087, 79174, 3336, 286077, 4192, 1132, 283254, 10094, 100131244, 83719, 1506, 440829, 91689, 57502, 5251, 79135, 11141
GWAS:975	Systemic_Lupus_Erythematosus_NA_2018_2	270	57449, 10745, 54665, 440603, 3918, 23057, 9887, 4688, 200734, 4249, 25801, 54842, 100131211, 4664, 2744, 6772, 6775, 57406, 54899, 5162, 79598, 29970, 55024, 7903, 6932, 10318, 63920, 55604, 10590, 10050, 6568, 10786, 10246, 10475, 3024, 3077, 8364, 3010, 8347, 3008, 3017, 3013, 8365, 11118, 10385, 11119, 10384, 11120, 696, 10473, 29777, 79692, 94026, 7738, 8340, 8329, 8363, 8341, 3009, 8356, 81697, 7718, 80345, 7745, 7746, 387032, 222698, 84547, 64288, 80317, 9753, 222696, 114821, 5987, 26692, 442191, 81696, 81797, 26716, 10537, 2550, 7932, 346171, 3134, 3135, 3105, 80352, 11074, 10107, 7726, 56658, 202658, 79897, 202658, 2794, 23, 79969, 221545, 8449, 170954, 11270, 203068, 10211, 8870, 780, 2968, 57176, 389376, 135656, 394263, 100507679, 29113, 170679, 1041, 170680, 54535, 6941, 5460, 3107, 3106, 100507436, 4277, 7919, 534, 4795, 4049, 7124, 7940, 259197, 199, 7916, 7917, 55937, 57827, 7918, 1460, 58496, 7920, 259215, 110599563, 58530, 110599563, 23564, 1192, 4439, 401251, 80737, 7407, 57819, 3305, 3303, 3304, 4758, 80736, 10919, 717, 221527, 629, 7936, 6499, 1797, 8859, 7148, 1388, 63943, 80863, 9374, 80864, 10554, 6048, 177, 5089, 63940, 4855, 10665, 56244, 3122, 3123, 3117, 3119, 3117, 3118, 3120, 3112, 5696, 5698, 6890, 3109, 3108, 3113, 3115, 1302, 6257, 3710, 64771, 6631, 54887, 6882, 23294, 6954, 222663, 7629, 50619, 5467, 51513, 7128, 8935, 2737, 3663, 23534, 9258, 4482, 83595, 54984, 54984, 286046, 66036, 83648, 640, 2222, 613210, 4067, 57705, 84159, 219790, 81490, 3265, 115399, 57661, 3665, 53841, 1815, 10522, 64787, 283232, 960, 91056, 121260, 28955, 23274, 3684, 3687, 2886, 22806, 124626, 55876, 94103, 201176, 9842, 1394, 246744, 284058, 60386, 2885, 4772, 84444, 3383, 3386, 7087, 100125288, 112812, 3385, 58506, 255043, 7332, 150223, 721, 3127, 653361, 6343
GWAS:987	Schizophrenia_PGC_2018	391	9651, 55735, 63967, 192670, 26523, 192669, 55700, 79693, 4520, 81888, 5792, 9682, 6487, 1806, 51177, 55793, 23385, 5929, 25778, 10806, 10000, 5443, 64080, 79833, 90957, 7444, 53335, 56603, 94097, 26056, 10574, 7840, 151011, 1803, 23451, 80219, 3329, 100529241, 25843, 130132, 205327, 129450, 79568, 26010, 1385, 27013, 79137, 130617, 26058, 3769, 389084, 25791, 152330, 9779, 9881, 440957, 55193, 55830, 6787, 3697, 3699, 3700, 389125, 100526772, 375346, 51460, 80145, 9861, 166336, 27086, 8997, 5523, 5096, 10274, 53833, 8087, 131118, 1182, 348980, 79993, 57688, 133482, 2107, 3313, 54882, 404734, 4695, 55374, 3550, 54853, 3035, 23438, 153527, 56147, 56146, 56145, 56144, 56143, 56142, 56141, 56140, 9752, 56139, 56138, 56137, 56136, 56135, 5521, 4238, 55568, 51567, 10050, 6568, 10786, 10246, 10475, 3024, 3006, 3077, 8364, 3010, 8347, 8334, 3008, 3017, 11118, 10384, 11120, 696, 29777, 79692, 8969, 94026, 8340, 8329, 8363, 8341, 3009, 8356, 81697, 7718, 80345, 7745, 7746, 387032, 222698, 84547, 64288, 80317, 9753, 222696, 114821, 5987, 26692, 26707, 442191, 81696, 81797, 2550, 4340, 346171, 3134, 3135, 11074, 10107, 89870, 7726, 56658, 221545, 11270, 203068, 10211, 780, 389376, 135656, 29113, 170679, 170680, 54535, 6941, 5460, 3107, 3106, 4277, 534, 7124, 199, 7916, 7917, 55937, 57827, 7918, 1460, 58496, 23564, 1192, 4439, 401251, 80737, 7407, 57819, 3305, 4758, 80736, 10919, 717, 221527, 7936, 6499, 1797, 8859, 7148, 1388, 63943, 80863, 9374, 80864, 10554, 6048, 177, 5089, 63940, 4855, 10665, 3122, 3123, 3117, 3119, 3108, 1302, 3833, 5252, 8831, 221504, 578, 3710, 117283, 221496, 23113, 667, 51557, 9892, 2309, 8379, 83698, 9988, 79161, 5243, 6733, 83943, 9162, 64478, 4482, 4325, 203062, 152006, 783, 288, 1586, 119032, 57412, 54805, 22978, 729020, 9118, 84108, 9148, 22986, 8525, 55626, 9776, 392, 2147, 9793, 25921, 51075, 280636, 643376, 1500, 28992, 5526, 116071, 4900, 23584, 90952, 79684, 399979, 22997, 83700, 775, 5094, 4665, 8091, 56899, 83892, 89910, 28981, 488, 6249, 23457, 79676, 51329, 57605, 10198, 91574, 8099, 387893, 144348, 55068, 5587, 114088, 6252, 22990, 2957, 64919, 9529, 3831, 84334, 7517, 79038, 23368, 2562, 56204, 9488, 3990, 3658, 123688, 1138, 1136, 1143, 64506, 8120, 57188, 54993, 84942, 4828, 23478, 9640, 4916, 5045, 2242, 4122, 9093, 54715, 253980, 124446, 9344, 8479, 8448, 5595, 23659, 23293, 63826, 388336, 6720, 146691, 83450, 91647, 79018, 1819, 22905, 27077, 6925, 57794, 23383, 54815, 51291, 9745, 140885, 79913, 26051, 3745, 5740, 9980, 4248, 8911, 6721, 79019, 55964, 164684, 4668, 150368, 4700, 6942, 23774, 9889, 79087, 3127, 1132, 283254, 91689
GWAS:989	Schizophrenia_Bipolar_disorder_PGC_2018	561	9651, 57449, 55735, 2170, 127703, 192670, 26523, 192669, 81888, 5792, 9682, 1806, 10451, 3752, 7812, 51177, 51107, 79630, 9129, 23248, 80222, 1893, 8416, 55793, 79005, 57326, 51043, 127579, 149095, 9674, 55765, 4179, 57568, 56776, 10806, 10000, 22950, 9553, 64080, 7444, 55120, 53335, 94097, 26056, 7840, 56910, 55654, 9391, 23020, 23397, 81562, 29789, 91526, 23451, 80219, 3329, 100529241, 25843, 130132, 66037, 5334, 23314, 348751, 205327, 129450, 79568, 26010, 1385, 151194, 79137, 130617, 80309, 26058, 3769, 389084, 25791, 152330, 27303, 9881, 4292, 9209, 211, 54106, 80335, 23166, 64943, 440957, 55193, 26354, 55830, 28972, 6787, 3697, 3699, 3700, 389125, 100526772, 375346, 51460, 2272, 80145, 9861, 166336, 27086, 961, 66000, 8087, 131118, 2555, 201780, 23284, 55714, 10884, 348980, 57688, 84059, 353189, 133482, 51307, 51780, 51308, 2107, 3313, 83697, 54882, 404734, 4695, 55374, 3550, 54853, 373863, 3035, 23438, 153527, 56147, 56146, 56145, 56144, 56143, 56142, 56141, 56140, 9752, 56139, 56138, 56137, 56136, 56135, 5521, 4238, 55568, 6444, 51567, 10050, 6568, 10786, 10246, 10475, 3024, 3006, 3077, 8364, 3010, 8347, 8334, 3008, 3017, 8365, 11118, 10384, 11120, 696, 29777, 79692, 8969, 10279, 94026, 7738, 8340, 8329, 8363, 8341, 3009, 8356, 81697, 7718, 80345, 7745, 7746, 387032, 222698, 84547, 64288, 80317, 9753, 222696, 114821, 5987, 26692, 442191, 81696, 81797, 2550, 346171, 11074, 7726, 56658, 221545, 780, 2968, 389376, 135656, 170679, 1041, 6941, 5460, 3107, 3106, 534, 7124, 199, 7916, 7917, 55937, 57827, 7918, 1460, 58496, 80740, 23564, 1192, 4439, 401251, 80737, 7407, 57819, 3305, 3303, 4758, 80736, 10919, 717, 221527, 7936, 6499, 1797, 8859, 7148, 1388, 63943, 80863, 9374, 80864, 10554, 6048, 177, 5089, 63940, 4855, 10665, 3122, 3123, 3117, 3119, 3120, 3108, 1616, 3833, 5252, 8831, 221504, 578, 3710, 117283, 23113, 10864, 24149, 7021, 667, 577, 4199, 167681, 9892, 10492, 10758, 154215, 23345, 6196, 8379, 6671, 1687, 3624, 2913, 9988, 79161, 5243, 64599, 6733, 222255, 168451, 4189, 83943, 389549, 9162, 27147, 51650, 100507421, 64478, 4482, 51201, 137492, 27257, 9530, 23259, 84513, 54904, 137994, 2260, 4325, 203062, 1620, 338596, 783, 288, 55280, 54838, 1586, 119032, 57412, 54805, 22978, 9446, 22986, 8525, 55626, 9776, 392, 745, 746, 144097, 2011, 283248, 79829, 1351, 55611, 28992, 5526, 65003, 246330, 582, 8722, 55231, 9973, 100526737, 5936, 83759, 6712, 79703, 5091, 78999, 54970, 1813, 4900, 90952, 79684, 399979, 22997, 83700, 23310, 27087, 79602, 775, 8085, 466, 4665, 8091, 56899, 121665, 6249, 23457, 79676, 51329, 57605, 10198, 91574, 8099, 55206, 387893, 196383, 80212, 144348, 55068, 64062, 54602, 266722, 23026, 5587, 9472, 161357, 6547, 22990, 64919, 115708, 9529, 3831, 84334, 7517, 79038, 23368, 5330, 23339, 56204, 3990, 3658, 123688, 1138, 1136, 1143, 64506, 8120, 57188, 54993, 84942, 4828, 23478, 9640, 57538, 4916, 5045, 2242, 54715, 2903, 23042, 146177, 253982, 253980, 124446, 9344, 8479, 283899, 8448, 83723, 5531, 6911, 79153, 5595, 79918, 23019, 84080, 81577, 57610, 55815, 80152, 10204, 23644, 5681, 5699, 3931, 6560, 64180, 64174, 80004, 23659, 9057, 84916, 6645, 27183, 84342, 64146, 51388, 146456, 7014, 1800, 5119, 124045, 124044, 9605, 92822, 2175, 84501, 7531, 23293, 63826, 388336, 60528, 91647, 5598, 388364, 1362, 9527, 40, 9862, 3131, 4884, 57521, 8715, 1630, 6925, 26251, 404037, 53345, 57794, 23383, 54815, 83983, 51079, 374887, 148113, 80714, 9170, 51291, 57130, 58506, 3661, 83596, 84878, 10155, 27243, 9040, 7593, 83658, 58476, 2686, 343578, 79913, 26051, 7150, 6789, 3787, 128488, 3745, 5740, 3755, 1917, 9980, 29799, 5594, 9647, 50487, 91445, 3985, 113791, 4248, 8911, 63929, 150353, 5905, 79019, 55964, 164684, 4668, 150368, 4700, 6942, 11252, 9889, 79087, 3336, 283254, 91689, 415116
GWAS:998	White_blood_cell_count_NA_2018	162	84967, 64960, 1441, 84824, 127943, 114548, 2646, 23518, 23190, 3938, 4175, 1615, 64844, 9936, 100526664, 4065, 22925, 115677, 10109, 151306, 14, 25953, 64114, 1238, 100506243, 1582, 4634, 5745, 151903, 23218, 29072, 64147, 23276, 25930, 22937, 54859, 80145, 9861, 84273, 5431, 3490, 2921, 2920, 441024, 79966, 1950, 7015, 84059, 5098, 56098, 56097, 89848, 6239, 135656, 100507679, 29113, 170679, 1041, 170680, 54535, 6941, 5460, 3107, 3106, 4277, 401250, 7919, 534, 4795, 4049, 7124, 4050, 7940, 7148, 1388, 63943, 9374, 5089, 4855, 3122, 3108, 3113, 3115, 578, 3710, 3159, 51513, 222659, 222658, 11329, 83861, 117289, 90639, 2768, 9586, 64759, 948, 57798, 30816, 5189, 84060, 257415, 1021, 55636, 80243, 445815, 26086, 56623, 23411, 80201, 64115, 84986, 10023, 23401, 159296, 79847, 51684, 81603, 403, 4601, 4607, 6688, 5702, 5913, 10658, 4722, 114971, 399888, 10963, 160762, 4633, 23316, 2322, 29091, 4212, 5479, 9325, 23060, 4947, 348093, 597, 23090, 94103, 284110, 5709, 1440, 9862, 7067, 9572, 22794, 116444, 8698, 56926, 1032, 57191, 400720, 79744, 374928, 90233, 23627, 26088, 93380
GWAS:1004	Red_blood_cell_count_NA_2018	209	60313, 3652, 5586, 51179, 91181, 7170, 9898, 200185, 79957, 23381, 84283, 112770, 7203, 128229, 5788, 5629, 22950, 5581, 23550, 9839, 23228, 7068, 54986, 54464, 545, 5357, 55892, 131540, 51088, 57728, 5981, 152831, 81608, 7364, 100631383, 8987, 79725, 132660, 51138, 2994, 2993, 7015, 9315, 10636, 6569, 345456, 2161, 8341, 81697, 29113, 170679, 1041, 3107, 401250, 7919, 80736, 10919, 717, 221527, 8859, 7148, 1388, 63943, 9374, 5089, 4855, 3122, 5698, 6890, 1302, 578, 3710, 3159, 7942, 5225, 10817, 100188893, 25862, 9477, 705, 896, 64577, 10767, 4602, 340260, 94239, 5814, 10320, 63979, 1644, 1021, 5118, 64598, 7036, 51412, 2783, 64599, 2056, 647087, 252969, 23039, 3174, 7227, 10171, 29989, 11182, 220972, 93550, 23411, 159296, 51272, 60626, 745, 746, 2237, 9415, 3992, 4863, 472, 160140, 143888, 7704, 2597, 25900, 8630, 160762, 4633, 23316, 10019, 8315, 80724, 217, 8550, 89894, 10961, 80018, 10906, 283450, 22895, 4939, 10240, 10166, 9882, 348094, 57722, 54878, 10260, 55466, 80349, 55898, 91433, 1387, 253982, 253980, 124446, 9344, 8479, 283899, 8448, 146378, 83723, 5531, 6911, 79153, 5595, 29123, 23495, 4137, 284058, 4905, 7473, 3213, 3214, 3218, 11322, 147138, 100141515, 9050, 115106, 147339, 10347, 84444, 29911, 22983, 1777, 10661, 2639, 256126, 2193, 811, 5886, 90480, 5639, 57479, 6237, 140685, 7165, 80331, 6453, 29781, 1890, 440836, 113730, 644186, 1375, 391104, 253725, 83719, 26277
GWAS:1007	Mean_corpuscular_volume_NA_2018	356	978, 10158, 1647, 54855, 11000, 57459, 9909, 200186, 27173, 91181, 7170, 388701, 25912, 9898, 10456, 632, 79957, 23381, 84283, 112770, 7203, 128229, 391112, 128368, 5788, 25893, 343171, 9792, 9839, 22925, 23228, 8850, 7068, 115286, 7018, 58477, 51560, 131890, 256356, 54464, 545, 5357, 26577, 23350, 84517, 55892, 344657, 79782, 5437, 7037, 131540, 200931, 26043, 10296, 57545, 26234, 51088, 57728, 5981, 152831, 55589, 152559, 5602, 4299, 1950, 5393, 890, 55212, 7222, 10723, 7015, 9315, 23367, 10826, 9337, 25929, 29093, 133491, 3720, 2766, 6568, 10246, 3077, 3010, 8334, 696, 8341, 8356, 81697, 387032, 80317, 257202, 114821, 7932, 780, 135656, 170679, 3107, 5698, 7942, 5225, 10817, 100188893, 25862, 9477, 705, 896, 129685, 117247, 6446, 64577, 10767, 4602, 94239, 10320, 63979, 1644, 9031, 9275, 26608, 51085, 1021, 5118, 64598, 7036, 51412, 2783, 64599, 9046, 23039, 10361, 11030, 6575, 114926, 51366, 5339, 84875, 2907, 55064, 403313, 10171, 64420, 643236, 83937, 240, 220972, 93550, 55328, 159296, 79847, 10121, 51684, 118980, 1586, 119032, 57412, 54805, 22978, 255022, 51272, 113746, 60626, 23410, 5002, 6240, 23075, 55553, 8048, 79733, 2237, 9415, 3992, 10938, 823, 55231, 100526737, 83759, 6199, 5790, 57175, 390212, 57010, 80194, 9049, 10263, 51475, 38, 4863, 472, 160140, 143888, 7704, 8882, 116519, 5916, 84975, 9700, 121340, 6667, 269, 54458, 5094, 7786, 517, 32, 283446, 89910, 326625, 4598, 79600, 160762, 4633, 23316, 10019, 8315, 80724, 217, 8550, 89894, 10961, 80018, 10906, 283450, 5781, 22895, 4940, 4939, 1337, 51499, 283459, 8683, 8655, 84274, 9921, 51367, 9478, 9761, 84747, 35, 121665, 10240, 10166, 1997, 23026, 8660, 51292, 100529261, 2342, 100529261, 51218, 55778, 122416, 7187, 57722, 54878, 81556, 9187, 10260, 8766, 64799, 4122, 91433, 3042, 55692, 83986, 8786, 84326, 63922, 5531, 6911, 79153, 9780, 353, 197322, 9618, 55731, 51379, 79915, 79736, 55803, 7343, 4137, 284058, 4905, 7473, 3690, 124989, 10237, 81558, 11143, 11322, 147138, 6563, 9050, 498, 115106, 147339, 2235, 4677, 10347, 23526, 84717, 29911, 22983, 1777, 10661, 2639, 256126, 2193, 811, 5886, 90480, 4218, 84941, 4650, 83878, 56006, 2618, 9946, 6453, 23119, 7332, 150223, 150280, 25793, 339669, 7263, 4357, 79734, 164656, 80339, 25813, 91289, 29781, 1890, 440836, 113730, 644186, 1375, 1120, 23542, 410, 10899, 391104, 343172, 10383, 253725, 3050, 3040, 84331, 83719, 375791, 26277, 90736, 28986, 56159
GWAS:1008	Mean_corpuscular_hemoglobin_NA_2018	318	8761, 26508, 6536, 10158, 1647, 54855, 11000, 57459, 9909, 200186, 27173, 91181, 7170, 388701, 25912, 9898, 10456, 7203, 128229, 5788, 9911, 9792, 9839, 23228, 8850, 7068, 4057, 115286, 7018, 58477, 51560, 256356, 54464, 545, 5357, 26577, 84517, 55892, 344657, 79782, 64393, 5437, 7037, 131540, 200931, 26043, 10296, 57545, 26234, 51088, 57728, 5981, 55589, 152559, 4299, 5393, 890, 55212, 7222, 7015, 23262, 9315, 23367, 10826, 9337, 25929, 29093, 3720, 2766, 3077, 8364, 3010, 8334, 387032, 80317, 170679, 7942, 5225, 10817, 100188893, 25862, 9477, 705, 896, 129685, 285755, 221264, 117247, 6446, 64577, 10767, 4602, 27115, 10320, 63979, 1644, 9031, 26608, 1021, 5118, 64598, 7036, 51412, 2783, 64599, 2056, 9046, 23039, 10361, 9583, 51312, 11030, 92140, 5339, 84875, 2907, 55064, 403313, 10171, 64420, 83937, 240, 220972, 93550, 55328, 159296, 10121, 51684, 118980, 1586, 119032, 57412, 54805, 22978, 255022, 51272, 60626, 5002, 6240, 23075, 55553, 823, 8722, 55231, 83759, 79703, 5091, 22992, 156, 6199, 5790, 57175, 390212, 57010, 80194, 9049, 10263, 51475, 38, 4863, 472, 160140, 143888, 3312, 1111, 5916, 84975, 9700, 121340, 6667, 269, 54458, 5094, 7786, 6895, 114108587, 11016, 517, 32, 283446, 89910, 326625, 4598, 79600, 160762, 4633, 23316, 144717, 10019, 8315, 80724, 217, 8550, 89894, 10961, 80018, 10906, 283450, 5781, 22895, 4940, 4939, 84747, 35, 10240, 10166, 1997, 8660, 89874, 55860, 5926, 4149, 55778, 122416, 440275, 57722, 54878, 51495, 81556, 9187, 10260, 8766, 60490, 4122, 55898, 374659, 91433, 9055, 64285, 3042, 55692, 83986, 8786, 398, 57799, 117166, 84326, 197335, 63922, 5531, 1001, 6388, 147011, 284086, 9618, 55731, 26284, 2319, 51268, 124925, 51379, 79915, 79736, 55803, 4137, 284058, 4905, 7473, 3690, 81558, 11143, 11322, 147138, 9050, 498, 115106, 147339, 2235, 4677, 84717, 29911, 22983, 1777, 10661, 2639, 256126, 2193, 811, 5886, 90480, 4218, 84941, 7165, 80331, 54943, 2618, 9946, 6453, 7332, 150223, 25793, 339669, 7263, 4357, 79734, 164656, 3560, 80339, 25813, 91289, 29781, 1890, 440836, 113730, 644186, 1375, 1120, 23542, 410, 391104, 10383, 253725, 3050, 84331, 375791, 26277, 90736, 56159
GWAS:1009	Mean_corpuscular_hemoglobin_concentration_NA_2018	154	79957, 23381, 84283, 112770, 7203, 128229, 391112, 128368, 391114, 25893, 343171, 51318, 9839, 9943, 4286, 7018, 58477, 51560, 7037, 131540, 200931, 79799, 85409, 10723, 3842, 23367, 9337, 25929, 3077, 27244, 285753, 64577, 10767, 4602, 5118, 64598, 7036, 51412, 2783, 64599, 2056, 9583, 51312, 157848, 6575, 114926, 414152, 51272, 113746, 60626, 23410, 84811, 8882, 116519, 337, 345, 335, 23387, 3312, 79827, 1822, 113246, 5777, 10436, 11331, 10162, 716, 160762, 4633, 23316, 10019, 8315, 80724, 217, 80018, 10906, 283450, 22895, 100529261, 2342, 100529261, 4149, 440275, 6727, 54878, 81556, 10260, 8766, 55466, 80349, 3042, 55692, 146325, 9091, 57799, 117166, 4363, 80011, 89970, 23568, 51090, 161882, 348180, 9780, 81620, 353, 2588, 863, 9212, 5198, 146852, 8456, 94005, 10615, 9703, 6388, 6830, 147011, 284086, 9618, 55731, 26284, 2319, 51268, 5697, 162417, 84336, 124801, 92579, 10014, 78995, 92591, 79089, 56970, 7343, 6521, 6563, 284266, 10347, 23526, 2639, 256126, 2193, 4650, 56006, 7332, 150223, 339669, 7263, 4357, 79734, 164656, 391104, 3050
GWAS:1010	Platelet_count_NA_2018	285	9927, 4681, 10420, 25974, 10327, 4678, 149483, 60313, 51249, 3652, 23139, 8503, 2949, 54855, 375033, 5788, 142, 25893, 343171, 2646, 84226, 84450, 9577, 100526664, 4065, 22925, 130540, 8609, 151194, 7079, 151903, 23218, 25930, 22937, 54859, 50650, 8997, 2122, 84517, 55892, 131408, 1181, 5437, 8646, 6002, 3083, 285489, 9778, 57533, 93624, 80273, 7294, 7006, 285527, 132671, 5978, 84273, 5431, 3490, 345275, 54433, 1950, 79071, 54532, 10723, 7015, 3842, 9315, 80762, 7265, 2172, 56897, 55604, 10590, 170679, 170680, 4277, 1388, 3122, 3833, 8831, 578, 3710, 84300, 117283, 51513, 222659, 222658, 11329, 2939, 2938, 221357, 8528, 64577, 10767, 4602, 9734, 948, 10552, 10095, 8896, 26024, 100526740, 9551, 285989, 84124, 23660, 221785, 1577, 1576, 4233, 647087, 9046, 23039, 23414, 7227, 2843, 5339, 50808, 10171, 3717, 11172, 3641, 4781, 1029, 11046, 29982, 221037, 221035, 29119, 54536, 4601, 113746, 23410, 283229, 745, 746, 2237, 9415, 3992, 4250, 51773, 28971, 92105, 57558, 9846, 8882, 116519, 1798, 9854, 25988, 64137, 79849, 283152, 867, 4162, 79102, 4815, 2784, 55711, 51290, 341350, 23468, 3178, 22818, 53831, 25946, 118430, 11176, 506, 10728, 8630, 7334, 28977, 84749, 121642, 121643, 283446, 84915, 59341, 51228, 84260, 88455, 28981, 488, 51434, 51184, 29902, 51699, 144715, 160760, 79600, 160762, 4633, 23316, 144717, 10019, 8315, 80724, 217, 8550, 89894, 10961, 80018, 10906, 283450, 5781, 22895, 4940, 4939, 1840, 84934, 53373, 80024, 10985, 6175, 5829, 1997, 100528064, 4738, 51292, 7051, 87, 55778, 51550, 122416, 23186, 91828, 7127, 90135, 80119, 80301, 6017, 91433, 161882, 388323, 5338, 50488, 2811, 8402, 26001, 5216, 2027, 9552, 23125, 388324, 10749, 55065, 124961, 7775, 9098, 84622, 388325, 100506736, 342618, 163, 23131, 54828, 201294, 91768, 85019, 9050, 10666, 57153, 3609, 81890, 4650, 26330, 7137, 352909, 6861, 5794, 126208, 55311, 10326, 81027, 514, 51012, 80339, 25813, 257236, 10094, 8493, 26277, 7789
GWAS:1032	Type_2_Diabetes_NA_2019	343	9696, 5909, 84196, 23499, 8761, 63950, 11124, 1031, 22996, 5236, 8543, 58497, 57198, 27, 2646, 84450, 200734, 26122, 55183, 2888, 22837, 57181, 56171, 66037, 5334, 25953, 64114, 8527, 55209, 7325, 285267, 80145, 9861, 91653, 846, 84561, 59343, 10644, 6480, 2580, 10417, 1487, 10296, 57654, 54729, 7884, 7364, 22902, 2926, 92597, 64399, 55294, 133686, 3672, 53918, 55789, 728780, 23338, 54439, 2264, 64324, 53917, 83463, 27166, 6239, 1871, 54901, 81696, 26531, 2550, 7932, 3105, 135656, 100507679, 29113, 170679, 1041, 170680, 54535, 6941, 5460, 3107, 3106, 4795, 401251, 57819, 6499, 1797, 8859, 7148, 177, 5089, 63940, 4855, 1616, 578, 3710, 221491, 60685, 2740, 89822, 83795, 285761, 1607, 2617, 165, 5425, 58498, 2645, 3486, 346288, 26053, 26872, 261729, 222235, 10234, 83787, 168850, 79571, 381, 29999, 5078, 27044, 3952, 673, 9690, 55790, 84296, 137964, 157848, 286, 3551, 9312, 94241, 169026, 6641, 169792, 1030, 84681, 7088, 195828, 22927, 2649, 169611, 26086, 728489, 64170, 6621, 10807, 23203, 56623, 9919, 55176, 11164, 8872, 57118, 29982, 57178, 5728, 3416, 3832, 3087, 54536, 60495, 1369, 8945, 6934, 3026, 59338, 5654, 283229, 7054, 3784, 5002, 9866, 5080, 6506, 341116, 23130, 5526, 595, 220064, 116985, 84649, 57558, 9846, 2113, 6660, 387849, 60488, 57542, 58516, 8091, 7103, 9671, 23316, 10019, 80724, 6927, 64897, 8638, 23457, 57605, 10198, 91574, 8099, 55206, 387893, 196383, 6049, 1024, 9365, 161357, 8816, 55218, 10125, 56924, 388115, 113189, 2200, 196951, 56986, 79661, 25942, 5780, 10099, 79834, 10363, 10239, 100526783, 348110, 4122, 55898, 91433, 9055, 26276, 1773, 2813, 79068, 2775, 146227, 51192, 100529251, 113540, 146225, 123920, 7567, 10164, 23035, 164, 463, 23199, 51659, 1800, 5119, 23140, 51479, 7326, 239, 440400, 124944, 255877, 201232, 162515, 4763, 4974, 2124, 2123, 84440, 535, 3292, 80347, 6945, 29893, 162427, 7283, 27175, 79990, 2826, 8506, 2145, 10493, 672, 113277, 113026, 284076, 10241, 516, 65264, 2695, 30833, 51155, 6613, 57521, 64762, 596, 4772, 90576, 57794, 23383, 24139, 2696, 6633, 54814, 23403, 147912, 1762, 339344, 339345, 5794, 10794, 78997, 128486, 140902, 3172, 4773, 1312, 150275, 84133, 10043, 1028, 415116, 27344, 10245, 10084, 56850, 11152, 29978, 169981, 474343, 158584, 158586, 7789, 203447, 139221, 3597, 170261, 2332, 55559, 633, 492, 1852, 54466
GWAS:1055	Atrial_fibrillation_NA_2018	304	54897, 3339, 200172, 22955, 1031, 284546, 22996, 2060, 3752, 81839, 845, 3570, 3782, 10654, 57326, 6464, 1163, 51043, 127579, 149095, 8751, 10067, 1196, 5313, 55870, 55154, 55249, 149281, 5396, 8497, 4194, 64710, 10806, 3797, 55471, 23683, 9736, 7514, 23177, 5861, 307, 64395, 11017, 4084, 55818, 100526767, 2995, 9541, 79634, 151556, 7456, 65977, 7273, 23451, 100529241, 25843, 130132, 5334, 23314, 348751, 205327, 129450, 79568, 26010, 23609, 55287, 23066, 6331, 6336, 115286, 23150, 2042, 257068, 90102, 253461, 55669, 59345, 9948, 5978, 22872, 79725, 132660, 51138, 7323, 493856, 150159, 133308, 2028, 817, 79658, 153478, 3781, 2201, 28965, 6695, 26249, 10949, 9499, 27039, 51306, 7478, 8382, 10902, 10112, 8697, 2676, 995, 51307, 51780, 51308, 2908, 153222, 662, 1482, 80315, 6310, 255488, 1026, 60685, 1081, 23036, 375519, 57150, 206412, 154313, 10559, 57120, 285761, 222553, 387119, 5350, 3298, 10090, 23353, 51608, 115330, 155185, 9586, 1021, 2845, 115253422, 26136, 858, 857, 64753, 3757, 2267, 5108, 427, 23039, 114907, 27161, 5747, 84909, 2176, 22927, 55014, 23071, 347273, 10783, 5695, 8022, 196740, 170371, 29982, 221037, 221035, 23411, 25961, 11319, 317662, 23234, 118491, 310, 159195, 58529, 79933, 9632, 170384, 23053, 8509, 8509, 818, 51207, 142891, 25911, 27343, 6468, 10360, 10724, 30819, 79591, 83401, 5309, 8729, 5662, 9148, 9644, 79991, 4892, 56165, 4046, 89797, 3762, 219833, 8538, 8082, 3709, 5318, 5959, 506, 10728, 4666, 5557, 8630, 10576, 376132, 144453, 8835, 6910, 10985, 6175, 84660, 9026, 79720, 80212, 144348, 144347, 57666, 221154, 23143, 8858, 8451, 116173, 4624, 4625, 9472, 1073, 6815, 23224, 2100, 8110, 26094, 53349, 58517, 5663, 89932, 9960, 8925, 4756, 10021, 58489, 197335, 79006, 84264, 283870, 283871, 84901, 463, 1398, 23293, 1140, 57659, 643664, 8742, 407977, 93649, 84961, 5469, 51755, 5409, 93210, 2064, 84299, 124626, 55876, 94103, 284110, 9862, 1394, 162540, 4137, 246744, 284058, 4905, 7473, 29916, 9267, 57602, 4092, 4089, 51320, 7064, 23030, 29998, 55245, 85449, 55670, 84700, 729092, 118487, 1654, 3563, 438
