Disease	Cluster	Gene
Age_at_menarche_ReproGen_2017	noprop_1	8927
Age_at_menarche_ReproGen_2017	noprop_1	5792
Age_at_menarche_ReproGen_2017	noprop_1	5789
Age_at_menarche_ReproGen_2017	noprop_1	9229
Age_at_menarche_ReproGen_2017	noprop_1	4646
Age_at_menarche_ReproGen_2017	noprop_1	9455
Age_at_menarche_ReproGen_2017	noprop_1	1740
Age_at_menarche_ReproGen_2017	noprop_1	80036
Age_at_menarche_ReproGen_2017	noprop_1	9228
Age_at_menarche_ReproGen_2017	noprop_1	7225
Age_at_menarche_ReproGen_2017	noprop_1	9254
Age_at_menarche_ReproGen_2017	noprop_1	814
Age_at_menarche_ReproGen_2017	noprop_1	5576
Age_at_menarche_ReproGen_2017	noprop_4	23410
Age_at_menarche_ReproGen_2017	noprop_4	23030
Age_at_menarche_ReproGen_2017	noprop_4	8085
Age_at_menarche_ReproGen_2017	noprop_4	9757
Age_at_menarche_ReproGen_2017	noprop_4	7867
Age_at_menarche_ReproGen_2017	noprop_4	51773
Age_at_menarche_ReproGen_2017	noprop_4	51317
Age_at_menarche_ReproGen_2017	noprop_4	23054
Age_at_menarche_ReproGen_2017	noprop_4	4990
Age_at_menarche_ReproGen_2017	noprop_2	5571
Age_at_menarche_ReproGen_2017	noprop_2	57521
Age_at_menarche_ReproGen_2017	noprop_2	2309
Age_at_menarche_ReproGen_2017	noprop_2	4485
Age_at_menarche_ReproGen_2017	noprop_2	4486
Age_at_menarche_ReproGen_2017	noprop_2	5300
Age_at_menarche_ReproGen_2017	noprop_2	55626
Age_at_menarche_ReproGen_2017	noprop_2	252983
Age_at_menarche_ReproGen_2017	noprop_2	23334
Age_at_menarche_ReproGen_2017	noprop_2	84557
Age_at_menarche_ReproGen_2017	noprop_7	1154
Age_at_menarche_ReproGen_2017	noprop_7	10293
Age_at_menarche_ReproGen_2017	noprop_7	7318
Age_at_menarche_ReproGen_2017	noprop_7	57531
Age_at_menarche_ReproGen_2017	noprop_7	63891
Age_at_menarche_ReproGen_2017	noprop_7	10425
Age_at_menarche_ReproGen_2017	noprop_7	11059
Age_at_menarche_ReproGen_2017	noprop_5	9325
Age_at_menarche_ReproGen_2017	noprop_5	9477
Age_at_menarche_ReproGen_2017	noprop_5	23017
Age_at_menarche_ReproGen_2017	noprop_5	406
Age_at_menarche_ReproGen_2017	noprop_5	6258
Age_at_menarche_ReproGen_2017	noprop_9	7514
Age_at_menarche_ReproGen_2017	noprop_9	9768
Age_at_menarche_ReproGen_2017	noprop_9	387103
Age_at_menarche_ReproGen_2017	noprop_9	8379
Age_at_menarche_ReproGen_2017	noprop_6	6304
Age_at_menarche_ReproGen_2017	noprop_6	10055
Age_at_menarche_ReproGen_2017	noprop_6	7341
Age_at_menarche_ReproGen_2017	noprop_6	26054
Age_at_menarche_ReproGen_2017	noprop_10	8479
Age_at_menarche_ReproGen_2017	noprop_10	26470
Age_at_menarche_ReproGen_2017	noprop_10	10423
Age_at_menarche_ReproGen_2017	noprop_10	9807
Age_at_menarche_ReproGen_2017	noprop_8	10973
Age_at_menarche_ReproGen_2017	noprop_8	79068
Age_at_menarche_ReproGen_2017	noprop_8	9647
Age_at_menarche_ReproGen_2017	noprop_3	1488
Age_at_menarche_ReproGen_2017	noprop_3	6911
Age_at_menarche_ReproGen_2017	noprop_3	11060
Age_at_menarche_ReproGen_2017	noprop_11	51780
Age_at_menarche_ReproGen_2017	noprop_11	6599
Age_related_Macular_Degeneration_NA_2016	noprop_2	10877
Age_related_Macular_Degeneration_NA_2016	noprop_2	718
Age_related_Macular_Degeneration_NA_2016	noprop_2	720
Age_related_Macular_Degeneration_NA_2016	noprop_2	81494
Age_related_Macular_Degeneration_NA_2016	noprop_2	3080
Age_related_Macular_Degeneration_NA_2016	noprop_2	348
Age_related_Macular_Degeneration_NA_2016	noprop_2	1071
Age_related_Macular_Degeneration_NA_2016	noprop_2	341
Age_related_Macular_Degeneration_NA_2016	noprop_2	55937
Age_related_Macular_Degeneration_NA_2016	noprop_2	2165
Age_related_Macular_Degeneration_NA_2016	noprop_1	717
Age_related_Macular_Degeneration_NA_2016	noprop_1	387715
Age_related_Macular_Degeneration_NA_2016	noprop_1	10878
Age_related_Macular_Degeneration_NA_2016	noprop_1	3075
Age_related_Macular_Degeneration_NA_2016	noprop_1	3078
Age_related_Macular_Degeneration_NA_2016	noprop_1	721
Age_related_Macular_Degeneration_NA_2016	noprop_1	629
Age_related_Macular_Degeneration_NA_2016	noprop_3	3106
Age_related_Macular_Degeneration_NA_2016	noprop_3	10665
Age_related_Macular_Degeneration_NA_2016	noprop_3	3119
Age_related_Macular_Degeneration_NA_2016	noprop_3	3117
Age_related_Macular_Degeneration_NA_2016	noprop_3	259197
Age_related_Macular_Degeneration_NA_2016	noprop_9	7916
Age_related_Macular_Degeneration_NA_2016	noprop_9	221527
Age_related_Macular_Degeneration_NA_2016	noprop_9	7940
Age_related_Macular_Degeneration_NA_2016	noprop_9	7920
Age_related_Macular_Degeneration_NA_2016	noprop_9	7918
Age_related_Macular_Degeneration_NA_2016	noprop_6	4795
Age_related_Macular_Degeneration_NA_2016	noprop_6	5654
Age_related_Macular_Degeneration_NA_2016	noprop_6	534
Age_related_Macular_Degeneration_NA_2016	noprop_6	10452
Age_related_Macular_Degeneration_NA_2016	noprop_5	199
Age_related_Macular_Degeneration_NA_2016	noprop_5	1460
Age_related_Macular_Degeneration_NA_2016	noprop_5	5460
Age_related_Macular_Degeneration_NA_2016	noprop_5	7046
Age_related_Macular_Degeneration_NA_2016	noprop_4	7124
Age_related_Macular_Degeneration_NA_2016	noprop_4	59338
Age_related_Macular_Degeneration_NA_2016	noprop_4	839
Age_related_Macular_Degeneration_NA_2016	noprop_4	177
Age_related_Macular_Degeneration_NA_2016	noprop_10	1265
Age_related_Macular_Degeneration_NA_2016	noprop_10	4758
Age_related_Macular_Degeneration_NA_2016	noprop_10	4318
Age_related_Macular_Degeneration_NA_2016	noprop_7	3305
Age_related_Macular_Degeneration_NA_2016	noprop_7	3304
Age_related_Macular_Degeneration_NA_2016	noprop_7	3303
Age_related_Macular_Degeneration_NA_2016	noprop_12	1295
Age_related_Macular_Degeneration_NA_2016	noprop_12	1285
Age_related_Macular_Degeneration_NA_2016	noprop_13	56257
Age_related_Macular_Degeneration_NA_2016	noprop_13	7936
Age_related_Macular_Degeneration_NA_2016	noprop_14	54535
Age_related_Macular_Degeneration_NA_2016	noprop_14	259266
Age_related_Macular_Degeneration_NA_2016	noprop_15	8859
Age_related_Macular_Degeneration_NA_2016	noprop_15	6499
Age_related_Macular_Degeneration_NA_2016	noprop_11	4855
Age_related_Macular_Degeneration_NA_2016	noprop_11	4049
Age_related_Macular_Degeneration_NA_2016	noprop_8	9374
Age_related_Macular_Degeneration_NA_2016	noprop_8	7407
Age_related_Macular_Degeneration_NA_2016	noprop_8	80737
Atrial_fibrillation_NA_2018	noprop_1	4624
Atrial_fibrillation_NA_2018	noprop_1	8751
Atrial_fibrillation_NA_2018	noprop_1	7273
Atrial_fibrillation_NA_2018	noprop_1	9644
Atrial_fibrillation_NA_2018	noprop_1	845
Atrial_fibrillation_NA_2018	noprop_1	307
Atrial_fibrillation_NA_2018	noprop_1	9499
Atrial_fibrillation_NA_2018	noprop_1	4625
Atrial_fibrillation_NA_2018	noprop_1	1073
Atrial_fibrillation_NA_2018	noprop_1	8082
Atrial_fibrillation_NA_2018	noprop_3	3782
Atrial_fibrillation_NA_2018	noprop_3	3781
Atrial_fibrillation_NA_2018	noprop_3	3709
Atrial_fibrillation_NA_2018	noprop_3	818
Atrial_fibrillation_NA_2018	noprop_3	817
Atrial_fibrillation_NA_2018	noprop_3	9472
Atrial_fibrillation_NA_2018	noprop_3	858
Atrial_fibrillation_NA_2018	noprop_4	662
Atrial_fibrillation_NA_2018	noprop_4	8729
Atrial_fibrillation_NA_2018	noprop_4	10112
Atrial_fibrillation_NA_2018	noprop_4	5861
Atrial_fibrillation_NA_2018	noprop_4	4905
Atrial_fibrillation_NA_2018	noprop_4	9632
Atrial_fibrillation_NA_2018	noprop_5	30819
Atrial_fibrillation_NA_2018	noprop_5	3752
Atrial_fibrillation_NA_2018	noprop_5	6331
Atrial_fibrillation_NA_2018	noprop_5	3757
Atrial_fibrillation_NA_2018	noprop_5	6336
Atrial_fibrillation_NA_2018	noprop_7	51320
Atrial_fibrillation_NA_2018	noprop_7	26249
Atrial_fibrillation_NA_2018	noprop_7	8697
Atrial_fibrillation_NA_2018	noprop_7	114907
Atrial_fibrillation_NA_2018	noprop_2	2064
Atrial_fibrillation_NA_2018	noprop_2	4756
Atrial_fibrillation_NA_2018	noprop_2	5747
Atrial_fibrillation_NA_2018	noprop_2	7456
Atrial_fibrillation_NA_2018	noprop_2	2676
Atrial_fibrillation_NA_2018	noprop_9	51780
Atrial_fibrillation_NA_2018	noprop_9	55818
Atrial_fibrillation_NA_2018	noprop_9	8110
Atrial_fibrillation_NA_2018	noprop_6	1026
Atrial_fibrillation_NA_2018	noprop_6	1021
Atrial_fibrillation_NA_2018	noprop_6	463
Atrial_fibrillation_NA_2018	noprop_12	2908
Atrial_fibrillation_NA_2018	noprop_12	10728
Atrial_fibrillation_NA_2018	noprop_10	3762
Atrial_fibrillation_NA_2018	noprop_10	1394
Atrial_fibrillation_NA_2018	noprop_11	23066
Atrial_fibrillation_NA_2018	noprop_11	8451
Atrial_fibrillation_NA_2018	noprop_8	2267
Atrial_fibrillation_NA_2018	noprop_8	6695
Crohn_s_Disease_IBDgenetics_2015	noprop_1	64170
Crohn_s_Disease_IBDgenetics_2015	noprop_1	1540
Crohn_s_Disease_IBDgenetics_2015	noprop_1	7124
Crohn_s_Disease_IBDgenetics_2015	noprop_1	64127
Crohn_s_Disease_IBDgenetics_2015	noprop_1	7375
Crohn_s_Disease_IBDgenetics_2015	noprop_1	9966
Crohn_s_Disease_IBDgenetics_2015	noprop_1	8771
Crohn_s_Disease_IBDgenetics_2015	noprop_1	8807
Crohn_s_Disease_IBDgenetics_2015	noprop_3	6774
Crohn_s_Disease_IBDgenetics_2015	noprop_3	5771
Crohn_s_Disease_IBDgenetics_2015	noprop_3	6347
Crohn_s_Disease_IBDgenetics_2015	noprop_3	149233
Crohn_s_Disease_IBDgenetics_2015	noprop_3	3717
Crohn_s_Disease_IBDgenetics_2015	noprop_3	1437
Crohn_s_Disease_IBDgenetics_2015	noprop_2	4485
Crohn_s_Disease_IBDgenetics_2015	noprop_2	120892
Crohn_s_Disease_IBDgenetics_2015	noprop_2	345611
Crohn_s_Disease_IBDgenetics_2015	noprop_2	4012
Crohn_s_Disease_IBDgenetics_2015	noprop_2	55054
Crohn_s_Disease_IBDgenetics_2015	noprop_2	5562
Crohn_s_Disease_IBDgenetics_2015	noprop_5	3659
Crohn_s_Disease_IBDgenetics_2015	noprop_5	259197
Crohn_s_Disease_IBDgenetics_2015	noprop_5	100507436
Crohn_s_Disease_IBDgenetics_2015	noprop_5	3107
Crohn_s_Disease_IBDgenetics_2015	noprop_8	63891
Crohn_s_Disease_IBDgenetics_2015	noprop_8	8453
Crohn_s_Disease_IBDgenetics_2015	noprop_8	10293
Crohn_s_Disease_IBDgenetics_2015	noprop_6	1388
Crohn_s_Disease_IBDgenetics_2015	noprop_6	1390
Crohn_s_Disease_IBDgenetics_2015	noprop_6	60468
Crohn_s_Disease_IBDgenetics_2015	noprop_11	8859
Crohn_s_Disease_IBDgenetics_2015	noprop_11	6499
Crohn_s_Disease_IBDgenetics_2015	noprop_9	629
Crohn_s_Disease_IBDgenetics_2015	noprop_9	717
Crohn_s_Disease_IBDgenetics_2015	noprop_10	56623
Crohn_s_Disease_IBDgenetics_2015	noprop_10	9807
Crohn_s_Disease_IBDgenetics_2015	noprop_7	7918
Crohn_s_Disease_IBDgenetics_2015	noprop_7	7940
Crohn_s_Disease_IBDgenetics_2015	noprop_4	63892
Crohn_s_Disease_IBDgenetics_2015	noprop_4	54901
Educational_attainment_SSGAC_2016	noprop_1	9859
Educational_attainment_SSGAC_2016	noprop_1	84962
Educational_attainment_SSGAC_2016	noprop_1	8766
Educational_attainment_SSGAC_2016	noprop_1	10806
Educational_attainment_SSGAC_2016	noprop_1	54930
Educational_attainment_SSGAC_2016	noprop_2	8927
Educational_attainment_SSGAC_2016	noprop_2	8911
Educational_attainment_SSGAC_2016	noprop_2	5792
Educational_attainment_SSGAC_2016	noprop_2	57118
Educational_attainment_SSGAC_2016	noprop_6	10293
Educational_attainment_SSGAC_2016	noprop_6	63891
Educational_attainment_SSGAC_2016	noprop_6	7318
Educational_attainment_SSGAC_2016	noprop_7	387893
Educational_attainment_SSGAC_2016	noprop_7	9682
Educational_attainment_SSGAC_2016	noprop_7	221037
Educational_attainment_SSGAC_2016	noprop_3	3615
Educational_attainment_SSGAC_2016	noprop_3	5144
Educational_attainment_SSGAC_2016	noprop_3	275
Educational_attainment_SSGAC_2016	noprop_9	6405
Educational_attainment_SSGAC_2016	noprop_9	1946
Educational_attainment_SSGAC_2016	noprop_8	56987
Educational_attainment_SSGAC_2016	noprop_8	6310
Educational_attainment_SSGAC_2016	noprop_5	5309
Educational_attainment_SSGAC_2016	noprop_5	55729
Educational_attainment_SSGAC_2016	noprop_4	4864
Educational_attainment_SSGAC_2016	noprop_4	1803
Height_GIANT_2010	noprop_1	8091
Height_GIANT_2010	noprop_1	221491
Height_GIANT_2010	noprop_1	3159
Height_GIANT_2010	noprop_1	3010
Height_GIANT_2010	noprop_1	8365
Height_GIANT_2010	noprop_1	51230
Height_GIANT_2010	noprop_8	387103
Height_GIANT_2010	noprop_8	64151
Height_GIANT_2010	noprop_8	57623
Height_GIANT_2010	noprop_8	79172
Height_GIANT_2010	noprop_5	91768
Height_GIANT_2010	noprop_5	8555
Height_GIANT_2010	noprop_5	1021
Height_GIANT_2010	noprop_5	1869
Height_GIANT_2010	noprop_3	169714
Height_GIANT_2010	noprop_3	6390
Height_GIANT_2010	noprop_3	140823
Height_GIANT_2010	noprop_3	55245
Height_GIANT_2010	noprop_4	2202
Height_GIANT_2010	noprop_4	4237
Height_GIANT_2010	noprop_4	4016
Height_GIANT_2010	noprop_4	8974
Height_GIANT_2010	noprop_2	26133
Height_GIANT_2010	noprop_2	10238
Height_GIANT_2010	noprop_2	254251
Height_GIANT_2010	noprop_2	5324
Height_GIANT_2010	noprop_2	54876
Height_GIANT_2010	noprop_6	10544
Height_GIANT_2010	noprop_6	5069
Height_GIANT_2010	noprop_6	7042
Height_GIANT_2010	noprop_7	3106
Height_GIANT_2010	noprop_7	3107
Height_GIANT_2010	noprop_7	100507436
Height_GIANT_2014	noprop_1	3008
Height_GIANT_2014	noprop_1	8464
Height_GIANT_2014	noprop_1	4149
Height_GIANT_2014	noprop_1	58499
Height_GIANT_2014	noprop_1	8365
Height_GIANT_2014	noprop_1	51230
Height_GIANT_2014	noprop_1	3159
Height_GIANT_2014	noprop_1	221491
Height_GIANT_2014	noprop_1	8351
Height_GIANT_2014	noprop_1	3024
Height_GIANT_2014	noprop_1	8091
Height_GIANT_2014	noprop_1	29855
Height_GIANT_2014	noprop_1	8364
Height_GIANT_2014	noprop_1	55167
Height_GIANT_2014	noprop_1	3010
Height_GIANT_2014	noprop_1	10951
Height_GIANT_2014	noprop_1	317772
Height_GIANT_2014	noprop_1	3006
Height_GIANT_2014	noprop_1	8347
Height_GIANT_2014	noprop_1	7429
Height_GIANT_2014	noprop_1	3077
Height_GIANT_2014	noprop_2	7813
Height_GIANT_2014	noprop_2	10274
Height_GIANT_2014	noprop_2	6941
Height_GIANT_2014	noprop_2	7153
Height_GIANT_2014	noprop_2	79172
Height_GIANT_2014	noprop_2	401541
Height_GIANT_2014	noprop_2	10460
Height_GIANT_2014	noprop_2	157313
Height_GIANT_2014	noprop_2	387103
Height_GIANT_2014	noprop_2	25836
Height_GIANT_2014	noprop_2	64151
Height_GIANT_2014	noprop_2	11339
Height_GIANT_2014	noprop_2	57405
Height_GIANT_2014	noprop_2	54535
Height_GIANT_2014	noprop_2	23047
Height_GIANT_2014	noprop_2	57623
Height_GIANT_2014	noprop_2	890
Height_GIANT_2014	noprop_2	6491
Height_GIANT_2014	noprop_3	100507436
Height_GIANT_2014	noprop_3	259197
Height_GIANT_2014	noprop_3	10665
Height_GIANT_2014	noprop_3	3107
Height_GIANT_2014	noprop_3	3117
Height_GIANT_2014	noprop_3	25939
Height_GIANT_2014	noprop_3	3123
Height_GIANT_2014	noprop_3	5371
Height_GIANT_2014	noprop_3	3122
Height_GIANT_2014	noprop_3	3106
Height_GIANT_2014	noprop_3	6773
Height_GIANT_2014	noprop_3	3134
Height_GIANT_2014	noprop_3	4277
Height_GIANT_2014	noprop_4	91768
Height_GIANT_2014	noprop_4	1031
Height_GIANT_2014	noprop_4	1869
Height_GIANT_2014	noprop_4	1027
Height_GIANT_2014	noprop_4	1019
Height_GIANT_2014	noprop_4	5933
Height_GIANT_2014	noprop_4	8555
Height_GIANT_2014	noprop_4	1021
Height_GIANT_2014	noprop_4	896
Height_GIANT_2014	noprop_4	4856
Height_GIANT_2014	noprop_4	57695
Height_GIANT_2014	noprop_5	8974
Height_GIANT_2014	noprop_5	1298
Height_GIANT_2014	noprop_5	2202
Height_GIANT_2014	noprop_5	4016
Height_GIANT_2014	noprop_5	1301
Height_GIANT_2014	noprop_5	4017
Height_GIANT_2014	noprop_5	1306
Height_GIANT_2014	noprop_5	871
Height_GIANT_2014	noprop_5	4237
Height_GIANT_2014	noprop_7	84812
Height_GIANT_2014	noprop_7	3706
Height_GIANT_2014	noprop_7	5298
Height_GIANT_2014	noprop_7	23139
Height_GIANT_2014	noprop_7	113026
Height_GIANT_2014	noprop_7	56623
Height_GIANT_2014	noprop_7	9896
Height_GIANT_2014	noprop_9	3700
Height_GIANT_2014	noprop_9	6414
Height_GIANT_2014	noprop_9	3699
Height_GIANT_2014	noprop_9	30816
Height_GIANT_2014	noprop_6	7042
Height_GIANT_2014	noprop_6	5069
Height_GIANT_2014	noprop_6	10544
Height_GIANT_2014	noprop_6	54829
Height_GIANT_2014	noprop_6	100381270
Height_GIANT_2014	noprop_6	3481
Height_GIANT_2014	noprop_6	23609
Height_GIANT_2014	noprop_8	26054
Height_GIANT_2014	noprop_8	5987
Height_GIANT_2014	noprop_8	55206
Height_GIANT_2014	noprop_8	51720
Height_GIANT_2014	noprop_10	8763
Height_GIANT_2014	noprop_10	10602
Immunoglobulin_A_deficiency_NA_2016	noprop_1	3127
Immunoglobulin_A_deficiency_NA_2016	noprop_1	3135
Immunoglobulin_A_deficiency_NA_2016	noprop_1	3106
Immunoglobulin_A_deficiency_NA_2016	noprop_1	6892
Immunoglobulin_A_deficiency_NA_2016	noprop_1	6890
Immunoglobulin_A_deficiency_NA_2016	noprop_1	11074
Immunoglobulin_A_deficiency_NA_2016	noprop_1	3122
Immunoglobulin_A_deficiency_NA_2016	noprop_1	3117
Immunoglobulin_A_deficiency_NA_2016	noprop_1	3123
Immunoglobulin_A_deficiency_NA_2016	noprop_1	4277
Immunoglobulin_A_deficiency_NA_2016	noprop_1	100507436
Immunoglobulin_A_deficiency_NA_2016	noprop_1	259197
Immunoglobulin_A_deficiency_NA_2016	noprop_1	10475
Immunoglobulin_A_deficiency_NA_2016	noprop_1	3113
Immunoglobulin_A_deficiency_NA_2016	noprop_1	3115
Immunoglobulin_A_deficiency_NA_2016	noprop_1	3134
Immunoglobulin_A_deficiency_NA_2016	noprop_1	3133
Immunoglobulin_A_deficiency_NA_2016	noprop_1	3105
Immunoglobulin_A_deficiency_NA_2016	noprop_1	3107
Immunoglobulin_A_deficiency_NA_2016	noprop_1	3120
Immunoglobulin_A_deficiency_NA_2016	noprop_1	3118
Immunoglobulin_A_deficiency_NA_2016	noprop_1	7726
Immunoglobulin_A_deficiency_NA_2016	noprop_1	56244
Immunoglobulin_A_deficiency_NA_2016	noprop_1	10665
Immunoglobulin_A_deficiency_NA_2016	noprop_1	3119
Immunoglobulin_A_deficiency_NA_2016	noprop_2	3077
Immunoglobulin_A_deficiency_NA_2016	noprop_2	3009
Immunoglobulin_A_deficiency_NA_2016	noprop_2	8329
Immunoglobulin_A_deficiency_NA_2016	noprop_2	8364
Immunoglobulin_A_deficiency_NA_2016	noprop_2	3010
Immunoglobulin_A_deficiency_NA_2016	noprop_2	8363
Immunoglobulin_A_deficiency_NA_2016	noprop_2	8347
Immunoglobulin_A_deficiency_NA_2016	noprop_2	8356
Immunoglobulin_A_deficiency_NA_2016	noprop_2	3008
Immunoglobulin_A_deficiency_NA_2016	noprop_2	1616
Immunoglobulin_A_deficiency_NA_2016	noprop_2	8969
Immunoglobulin_A_deficiency_NA_2016	noprop_2	3024
Immunoglobulin_A_deficiency_NA_2016	noprop_3	8340
Immunoglobulin_A_deficiency_NA_2016	noprop_3	8341
Immunoglobulin_A_deficiency_NA_2016	noprop_3	10919
Immunoglobulin_A_deficiency_NA_2016	noprop_3	5089
Immunoglobulin_A_deficiency_NA_2016	noprop_3	5252
Immunoglobulin_A_deficiency_NA_2016	noprop_3	3017
Immunoglobulin_A_deficiency_NA_2016	noprop_5	3109
Immunoglobulin_A_deficiency_NA_2016	noprop_5	3833
Immunoglobulin_A_deficiency_NA_2016	noprop_5	3111
Immunoglobulin_A_deficiency_NA_2016	noprop_5	3108
Immunoglobulin_A_deficiency_NA_2016	noprop_5	3112
Immunoglobulin_A_deficiency_NA_2016	noprop_8	7916
Immunoglobulin_A_deficiency_NA_2016	noprop_8	221527
Immunoglobulin_A_deficiency_NA_2016	noprop_8	7940
Immunoglobulin_A_deficiency_NA_2016	noprop_8	7920
Immunoglobulin_A_deficiency_NA_2016	noprop_8	7918
Immunoglobulin_A_deficiency_NA_2016	noprop_4	5698
Immunoglobulin_A_deficiency_NA_2016	noprop_4	4049
Immunoglobulin_A_deficiency_NA_2016	noprop_4	4855
Immunoglobulin_A_deficiency_NA_2016	noprop_4	5696
Immunoglobulin_A_deficiency_NA_2016	noprop_9	10590
Immunoglobulin_A_deficiency_NA_2016	noprop_9	55604
Immunoglobulin_A_deficiency_NA_2016	noprop_9	6568
Immunoglobulin_A_deficiency_NA_2016	noprop_6	3305
Immunoglobulin_A_deficiency_NA_2016	noprop_6	3304
Immunoglobulin_A_deficiency_NA_2016	noprop_6	3303
Immunoglobulin_A_deficiency_NA_2016	noprop_7	57176
Immunoglobulin_A_deficiency_NA_2016	noprop_7	7407
Immunoglobulin_A_deficiency_NA_2016	noprop_7	80737
Immunoglobulin_A_deficiency_NA_2016	noprop_7	9374
Immunoglobulin_A_deficiency_NA_2016	noprop_10	629
Immunoglobulin_A_deficiency_NA_2016	noprop_10	717
Inflammatory_Bowel_Disease_NA_2017	noprop_1	3717
Inflammatory_Bowel_Disease_NA_2017	noprop_1	246778
Inflammatory_Bowel_Disease_NA_2017	noprop_1	3586
Inflammatory_Bowel_Disease_NA_2017	noprop_1	3559
Inflammatory_Bowel_Disease_NA_2017	noprop_1	6777
Inflammatory_Bowel_Disease_NA_2017	noprop_1	149233
Inflammatory_Bowel_Disease_NA_2017	noprop_1	6776
Inflammatory_Bowel_Disease_NA_2017	noprop_1	5771
Inflammatory_Bowel_Disease_NA_2017	noprop_1	55876
Inflammatory_Bowel_Disease_NA_2017	noprop_1	124626
Inflammatory_Bowel_Disease_NA_2017	noprop_1	6347
Inflammatory_Bowel_Disease_NA_2017	noprop_1	1437
Inflammatory_Bowel_Disease_NA_2017	noprop_1	6774
Inflammatory_Bowel_Disease_NA_2017	noprop_1	3593
Inflammatory_Bowel_Disease_NA_2017	noprop_1	3595
Inflammatory_Bowel_Disease_NA_2017	noprop_1	3558
Inflammatory_Bowel_Disease_NA_2017	noprop_1	1440
Inflammatory_Bowel_Disease_NA_2017	noprop_3	9966
Inflammatory_Bowel_Disease_NA_2017	noprop_3	8771
Inflammatory_Bowel_Disease_NA_2017	noprop_3	1540
Inflammatory_Bowel_Disease_NA_2017	noprop_3	8807
Inflammatory_Bowel_Disease_NA_2017	noprop_3	64127
Inflammatory_Bowel_Disease_NA_2017	noprop_3	8809
Inflammatory_Bowel_Disease_NA_2017	noprop_3	7375
Inflammatory_Bowel_Disease_NA_2017	noprop_3	64170
Inflammatory_Bowel_Disease_NA_2017	noprop_3	1326
Inflammatory_Bowel_Disease_NA_2017	noprop_3	9173
Inflammatory_Bowel_Disease_NA_2017	noprop_3	177
Inflammatory_Bowel_Disease_NA_2017	noprop_2	3106
Inflammatory_Bowel_Disease_NA_2017	noprop_2	3127
Inflammatory_Bowel_Disease_NA_2017	noprop_2	3123
Inflammatory_Bowel_Disease_NA_2017	noprop_2	3117
Inflammatory_Bowel_Disease_NA_2017	noprop_2	3122
Inflammatory_Bowel_Disease_NA_2017	noprop_2	3119
Inflammatory_Bowel_Disease_NA_2017	noprop_2	4277
Inflammatory_Bowel_Disease_NA_2017	noprop_2	56244
Inflammatory_Bowel_Disease_NA_2017	noprop_2	3120
Inflammatory_Bowel_Disease_NA_2017	noprop_2	3118
Inflammatory_Bowel_Disease_NA_2017	noprop_2	51447
Inflammatory_Bowel_Disease_NA_2017	noprop_2	3659
Inflammatory_Bowel_Disease_NA_2017	noprop_2	259197
Inflammatory_Bowel_Disease_NA_2017	noprop_7	8651
Inflammatory_Bowel_Disease_NA_2017	noprop_7	63891
Inflammatory_Bowel_Disease_NA_2017	noprop_7	8453
Inflammatory_Bowel_Disease_NA_2017	noprop_7	7318
Inflammatory_Bowel_Disease_NA_2017	noprop_7	10293
Inflammatory_Bowel_Disease_NA_2017	noprop_7	10425
Inflammatory_Bowel_Disease_NA_2017	noprop_4	345611
Inflammatory_Bowel_Disease_NA_2017	noprop_4	4485
Inflammatory_Bowel_Disease_NA_2017	noprop_4	120892
Inflammatory_Bowel_Disease_NA_2017	noprop_4	4486
Inflammatory_Bowel_Disease_NA_2017	noprop_4	4012
Inflammatory_Bowel_Disease_NA_2017	noprop_4	55054
Inflammatory_Bowel_Disease_NA_2017	noprop_4	5562
Inflammatory_Bowel_Disease_NA_2017	noprop_5	3310
Inflammatory_Bowel_Disease_NA_2017	noprop_5	3303
Inflammatory_Bowel_Disease_NA_2017	noprop_5	3304
Inflammatory_Bowel_Disease_NA_2017	noprop_5	3305
Inflammatory_Bowel_Disease_NA_2017	noprop_6	1390
Inflammatory_Bowel_Disease_NA_2017	noprop_6	60468
Inflammatory_Bowel_Disease_NA_2017	noprop_6	1388
Inflammatory_Bowel_Disease_NA_2017	noprop_6	2355
Inflammatory_Bowel_Disease_NA_2017	noprop_8	8897
Inflammatory_Bowel_Disease_NA_2017	noprop_8	56623
Inflammatory_Bowel_Disease_NA_2017	noprop_8	9807
Mean_corpuscular_volume_NA_2018	noprop_3	57459
Mean_corpuscular_volume_NA_2018	noprop_3	26277
Mean_corpuscular_volume_NA_2018	noprop_3	29781
Mean_corpuscular_volume_NA_2018	noprop_3	8850
Mean_corpuscular_volume_NA_2018	noprop_3	9898
Mean_corpuscular_volume_NA_2018	noprop_1	10961
Mean_corpuscular_volume_NA_2018	noprop_1	23542
Mean_corpuscular_volume_NA_2018	noprop_1	3050
Mean_corpuscular_volume_NA_2018	noprop_1	8550
Mean_corpuscular_volume_NA_2018	noprop_1	10661
Mean_corpuscular_volume_NA_2018	noprop_4	6667
Mean_corpuscular_volume_NA_2018	noprop_4	129685
Mean_corpuscular_volume_NA_2018	noprop_4	83986
Mean_corpuscular_volume_NA_2018	noprop_4	4299
Mean_corpuscular_volume_NA_2018	noprop_2	22895
Mean_corpuscular_volume_NA_2018	noprop_2	5225
Mean_corpuscular_volume_NA_2018	noprop_2	54805
Mean_corpuscular_volume_NA_2018	noprop_2	51560
Mean_corpuscular_volume_NA_2018	noprop_7	23381
Mean_corpuscular_volume_NA_2018	noprop_7	10767
Mean_corpuscular_volume_NA_2018	noprop_7	58477
Mean_corpuscular_volume_NA_2018	noprop_6	7068
Mean_corpuscular_volume_NA_2018	noprop_6	9477
Mean_corpuscular_volume_NA_2018	noprop_6	1375
Mean_corpuscular_volume_NA_2018	noprop_5	896
Mean_corpuscular_volume_NA_2018	noprop_5	1021
Mean_corpuscular_volume_NA_2018	noprop_5	1647
Mean_corpuscular_volume_NA_2018	noprop_9	23039
Mean_corpuscular_volume_NA_2018	noprop_9	253725
Mean_corpuscular_volume_NA_2018	noprop_8	90480
Mean_corpuscular_volume_NA_2018	noprop_8	10240
Platelet_count_NA_2018	noprop_2	26277
Platelet_count_NA_2018	noprop_2	2811
Platelet_count_NA_2018	noprop_2	2122
Platelet_count_NA_2018	noprop_2	23414
Platelet_count_NA_2018	noprop_2	23186
Platelet_count_NA_2018	noprop_1	4162
Platelet_count_NA_2018	noprop_1	5788
Platelet_count_NA_2018	noprop_1	4065
Platelet_count_NA_2018	noprop_1	5781
Platelet_count_NA_2018	noprop_1	10019
Platelet_count_NA_2018	noprop_5	745
Platelet_count_NA_2018	noprop_5	4602
Platelet_count_NA_2018	noprop_5	8646
Platelet_count_NA_2018	noprop_3	2172
Platelet_count_NA_2018	noprop_3	9415
Platelet_count_NA_2018	noprop_3	3992
Platelet_count_NA_2018	noprop_4	22925
Platelet_count_NA_2018	noprop_4	5338
Platelet_count_NA_2018	noprop_4	80339
Platelet_count_NA_2018	noprop_9	3083
Platelet_count_NA_2018	noprop_9	87
Platelet_count_NA_2018	noprop_10	4939
Platelet_count_NA_2018	noprop_10	4940
Platelet_count_NA_2018	noprop_7	948
Platelet_count_NA_2018	noprop_7	57153
Platelet_count_NA_2018	noprop_8	10961
Platelet_count_NA_2018	noprop_8	8550
Platelet_count_NA_2018	noprop_6	9098
Platelet_count_NA_2018	noprop_6	7127
Schizophrenia_vs_Bipolar_disorder_PGC_2014	noprop_3	3010
Schizophrenia_vs_Bipolar_disorder_PGC_2014	noprop_3	3024
Schizophrenia_vs_Bipolar_disorder_PGC_2014	noprop_3	8356
Schizophrenia_vs_Bipolar_disorder_PGC_2014	noprop_3	8364
Schizophrenia_vs_Bipolar_disorder_PGC_2014	noprop_3	8347
Schizophrenia_vs_Bipolar_disorder_PGC_2014	noprop_3	387893
Schizophrenia_vs_Bipolar_disorder_PGC_2014	noprop_3	3077
Schizophrenia_vs_Bipolar_disorder_PGC_2014	noprop_3	3009
Schizophrenia_vs_Bipolar_disorder_PGC_2014	noprop_3	8363
Schizophrenia_vs_Bipolar_disorder_PGC_2014	noprop_3	8329
Schizophrenia_vs_Bipolar_disorder_PGC_2014	noprop_3	3008
Schizophrenia_vs_Bipolar_disorder_PGC_2014	noprop_3	8969
Schizophrenia_vs_Bipolar_disorder_PGC_2014	noprop_2	3107
Schizophrenia_vs_Bipolar_disorder_PGC_2014	noprop_2	3117
Schizophrenia_vs_Bipolar_disorder_PGC_2014	noprop_2	7726
Schizophrenia_vs_Bipolar_disorder_PGC_2014	noprop_2	3105
Schizophrenia_vs_Bipolar_disorder_PGC_2014	noprop_2	3106
Schizophrenia_vs_Bipolar_disorder_PGC_2014	noprop_2	10475
Schizophrenia_vs_Bipolar_disorder_PGC_2014	noprop_2	3119
Schizophrenia_vs_Bipolar_disorder_PGC_2014	noprop_2	11074
Schizophrenia_vs_Bipolar_disorder_PGC_2014	noprop_2	10665
Schizophrenia_vs_Bipolar_disorder_PGC_2014	noprop_2	3123
Schizophrenia_vs_Bipolar_disorder_PGC_2014	noprop_2	3122
Schizophrenia_vs_Bipolar_disorder_PGC_2014	noprop_4	3017
Schizophrenia_vs_Bipolar_disorder_PGC_2014	noprop_4	8334
Schizophrenia_vs_Bipolar_disorder_PGC_2014	noprop_4	8341
Schizophrenia_vs_Bipolar_disorder_PGC_2014	noprop_4	8340
Schizophrenia_vs_Bipolar_disorder_PGC_2014	noprop_4	54815
Schizophrenia_vs_Bipolar_disorder_PGC_2014	noprop_4	8099
Schizophrenia_vs_Bipolar_disorder_PGC_2014	noprop_4	10919
Schizophrenia_vs_Bipolar_disorder_PGC_2014	noprop_4	5089
Schizophrenia_vs_Bipolar_disorder_PGC_2014	noprop_1	6925
Schizophrenia_vs_Bipolar_disorder_PGC_2014	noprop_1	5460
Schizophrenia_vs_Bipolar_disorder_PGC_2014	noprop_1	51177
Schizophrenia_vs_Bipolar_disorder_PGC_2014	noprop_1	1460
Schizophrenia_vs_Bipolar_disorder_PGC_2014	noprop_1	4900
Schizophrenia_vs_Bipolar_disorder_PGC_2014	noprop_1	348980
Schizophrenia_vs_Bipolar_disorder_PGC_2014	noprop_1	64919
Schizophrenia_vs_Bipolar_disorder_PGC_2014	noprop_1	199
Schizophrenia_vs_Bipolar_disorder_PGC_2014	noprop_5	8525
Schizophrenia_vs_Bipolar_disorder_PGC_2014	noprop_5	3990
Schizophrenia_vs_Bipolar_disorder_PGC_2014	noprop_5	10554
Schizophrenia_vs_Bipolar_disorder_PGC_2014	noprop_5	23659
Schizophrenia_vs_Bipolar_disorder_PGC_2014	noprop_8	3305
Schizophrenia_vs_Bipolar_disorder_PGC_2014	noprop_8	3303
Schizophrenia_vs_Bipolar_disorder_PGC_2014	noprop_8	9529
Schizophrenia_vs_Bipolar_disorder_PGC_2014	noprop_9	54715
Schizophrenia_vs_Bipolar_disorder_PGC_2014	noprop_9	8087
Schizophrenia_vs_Bipolar_disorder_PGC_2014	noprop_9	8831
Schizophrenia_vs_Bipolar_disorder_PGC_2014	noprop_7	4855
Schizophrenia_vs_Bipolar_disorder_PGC_2014	noprop_7	51460
Schizophrenia_vs_Bipolar_disorder_PGC_2014	noprop_7	10537
Schizophrenia_vs_Bipolar_disorder_PGC_2014	noprop_6	80737
Schizophrenia_vs_Bipolar_disorder_PGC_2014	noprop_6	7407
Schizophrenia_vs_Bipolar_disorder_PGC_2014	noprop_6	9374
Schizophrenia_vs_Bipolar_disorder_PGC_2014	noprop_6	57176
Schizophrenia_vs_Bipolar_disorder_PGC_2014	noprop_10	3700
Schizophrenia_vs_Bipolar_disorder_PGC_2014	noprop_10	3699
Type_2_Diabetes_NA_2019	noprop_5	1028
Type_2_Diabetes_NA_2019	noprop_5	1031
Type_2_Diabetes_NA_2019	noprop_5	463
Type_2_Diabetes_NA_2019	noprop_5	595
Type_2_Diabetes_NA_2019	noprop_5	1871
Type_2_Diabetes_NA_2019	noprop_3	54901
Type_2_Diabetes_NA_2019	noprop_3	3087
Type_2_Diabetes_NA_2019	noprop_3	10644
Type_2_Diabetes_NA_2019	noprop_3	8872
Type_2_Diabetes_NA_2019	noprop_3	57181
Type_2_Diabetes_NA_2019	noprop_1	79571
Type_2_Diabetes_NA_2019	noprop_1	9919
Type_2_Diabetes_NA_2019	noprop_1	381
Type_2_Diabetes_NA_2019	noprop_1	29999
Type_2_Diabetes_NA_2019	noprop_1	3832
Type_2_Diabetes_NA_2019	noprop_1	286
Type_2_Diabetes_NA_2019	noprop_6	578
Type_2_Diabetes_NA_2019	noprop_6	59338
Type_2_Diabetes_NA_2019	noprop_6	11124
Type_2_Diabetes_NA_2019	noprop_6	64170
Type_2_Diabetes_NA_2019	noprop_4	1487
Type_2_Diabetes_NA_2019	noprop_4	10363
Type_2_Diabetes_NA_2019	noprop_4	6934
Type_2_Diabetes_NA_2019	noprop_4	26053
Type_2_Diabetes_NA_2019	noprop_2	165
Type_2_Diabetes_NA_2019	noprop_2	169792
Type_2_Diabetes_NA_2019	noprop_2	5460
Type_2_Diabetes_NA_2019	noprop_2	5078
Type_2_Diabetes_NA_2019	noprop_7	54535
Type_2_Diabetes_NA_2019	noprop_7	6941
Type_2_Diabetes_NA_2019	noprop_7	9055
Type_2_Diabetes_NA_2019	noprop_10	1041
Type_2_Diabetes_NA_2019	noprop_10	170679
Type_2_Diabetes_NA_2019	noprop_9	10125
Type_2_Diabetes_NA_2019	noprop_9	27044
Type_2_Diabetes_NA_2019	noprop_8	2740
Type_2_Diabetes_NA_2019	noprop_8	2696
Ulcerative_colitis_NA_2017	noprop_1	3127
Ulcerative_colitis_NA_2017	noprop_1	29126
Ulcerative_colitis_NA_2017	noprop_1	3119
Ulcerative_colitis_NA_2017	noprop_1	4277
Ulcerative_colitis_NA_2017	noprop_1	3663
Ulcerative_colitis_NA_2017	noprop_1	10665
Ulcerative_colitis_NA_2017	noprop_1	56244
Ulcerative_colitis_NA_2017	noprop_1	3106
Ulcerative_colitis_NA_2017	noprop_1	3107
Ulcerative_colitis_NA_2017	noprop_1	3115
Ulcerative_colitis_NA_2017	noprop_1	3122
Ulcerative_colitis_NA_2017	noprop_1	3118
Ulcerative_colitis_NA_2017	noprop_1	3117
Ulcerative_colitis_NA_2017	noprop_1	3120
Ulcerative_colitis_NA_2017	noprop_1	3123
Ulcerative_colitis_NA_2017	noprop_1	51447
Ulcerative_colitis_NA_2017	noprop_1	259197
Ulcerative_colitis_NA_2017	noprop_3	7375
Ulcerative_colitis_NA_2017	noprop_3	9966
Ulcerative_colitis_NA_2017	noprop_3	8771
Ulcerative_colitis_NA_2017	noprop_3	8764
Ulcerative_colitis_NA_2017	noprop_3	64170
Ulcerative_colitis_NA_2017	noprop_3	177
Ulcerative_colitis_NA_2017	noprop_2	3586
Ulcerative_colitis_NA_2017	noprop_2	6774
Ulcerative_colitis_NA_2017	noprop_2	3717
Ulcerative_colitis_NA_2017	noprop_2	149233
Ulcerative_colitis_NA_2017	noprop_2	6777
Ulcerative_colitis_NA_2017	noprop_2	55876
Ulcerative_colitis_NA_2017	noprop_2	124626
Ulcerative_colitis_NA_2017	noprop_5	3112
Ulcerative_colitis_NA_2017	noprop_5	3108
Ulcerative_colitis_NA_2017	noprop_5	3111
Ulcerative_colitis_NA_2017	noprop_5	9919
Ulcerative_colitis_NA_2017	noprop_4	3305
Ulcerative_colitis_NA_2017	noprop_4	3303
Ulcerative_colitis_NA_2017	noprop_4	3310
Ulcerative_colitis_NA_2017	noprop_4	3304
Ulcerative_colitis_NA_2017	noprop_6	4855
Ulcerative_colitis_NA_2017	noprop_6	4050
Ulcerative_colitis_NA_2017	noprop_6	5966
Ulcerative_colitis_NA_2017	noprop_12	170679
Ulcerative_colitis_NA_2017	noprop_12	1041
Ulcerative_colitis_NA_2017	noprop_11	8859
Ulcerative_colitis_NA_2017	noprop_11	6499
Ulcerative_colitis_NA_2017	noprop_10	629
Ulcerative_colitis_NA_2017	noprop_10	717
Ulcerative_colitis_NA_2017	noprop_9	56623
Ulcerative_colitis_NA_2017	noprop_9	9807
Ulcerative_colitis_NA_2017	noprop_7	9374
Ulcerative_colitis_NA_2017	noprop_7	80737
Ulcerative_colitis_NA_2017	noprop_7	7407
Ulcerative_colitis_NA_2017	noprop_8	7918
Ulcerative_colitis_NA_2017	noprop_8	7940
Vitiligo_NA_2016	noprop_1	3135
Vitiligo_NA_2016	noprop_1	11074
Vitiligo_NA_2016	noprop_1	3134
Vitiligo_NA_2016	noprop_1	3127
Vitiligo_NA_2016	noprop_1	26191
Vitiligo_NA_2016	noprop_1	56244
Vitiligo_NA_2016	noprop_1	10665
Vitiligo_NA_2016	noprop_1	3117
Vitiligo_NA_2016	noprop_1	3123
Vitiligo_NA_2016	noprop_1	3107
Vitiligo_NA_2016	noprop_1	3119
Vitiligo_NA_2016	noprop_1	3122
Vitiligo_NA_2016	noprop_1	3106
Vitiligo_NA_2016	noprop_1	3105
Vitiligo_NA_2016	noprop_1	7726
Vitiligo_NA_2016	noprop_2	473
Vitiligo_NA_2016	noprop_2	8341
Vitiligo_NA_2016	noprop_2	10919
Vitiligo_NA_2016	noprop_2	5089
Vitiligo_NA_2016	noprop_9	4439
Vitiligo_NA_2016	noprop_9	2547
Vitiligo_NA_2016	noprop_9	2175
Vitiligo_NA_2016	noprop_4	80736
Vitiligo_NA_2016	noprop_4	5119
Vitiligo_NA_2016	noprop_4	5869
Vitiligo_NA_2016	noprop_5	27086
Vitiligo_NA_2016	noprop_5	3002
Vitiligo_NA_2016	noprop_5	3559
Vitiligo_NA_2016	noprop_3	63940
Vitiligo_NA_2016	noprop_3	2550
Vitiligo_NA_2016	noprop_3	1235
Vitiligo_NA_2016	noprop_13	1192
Vitiligo_NA_2016	noprop_13	5372
Vitiligo_NA_2016	noprop_14	8859
Vitiligo_NA_2016	noprop_14	6499
Vitiligo_NA_2016	noprop_15	58506
Vitiligo_NA_2016	noprop_15	83596
Vitiligo_NA_2016	noprop_10	4855
Vitiligo_NA_2016	noprop_10	8792
Vitiligo_NA_2016	noprop_11	54535
Vitiligo_NA_2016	noprop_11	5905
Vitiligo_NA_2016	noprop_12	717
Vitiligo_NA_2016	noprop_12	629
Vitiligo_NA_2016	noprop_6	4758
Vitiligo_NA_2016	noprop_6	7038
Vitiligo_NA_2016	noprop_6	29113
Vitiligo_NA_2016	noprop_7	9374
Vitiligo_NA_2016	noprop_7	7407
Vitiligo_NA_2016	noprop_7	80737
Vitiligo_NA_2016	noprop_8	7916
Vitiligo_NA_2016	noprop_8	221527
Vitiligo_NA_2016	noprop_8	7920
